pair_id,completion,row_index,exact_distribution
published_coordinate_pair,E_QM_visible_d0_d1_d2,0,0:1/2|1:1/2
published_coordinate_pair,E_QM_visible_d0_d1_d2,1,0:1/2|1:1/2
published_coordinate_pair,E_QM_visible_d0_d1_d2,2,2:1/2|3:1/2
published_coordinate_pair,E_QM_visible_d0_d1_d2,3,2:1/2|3:1/2
published_coordinate_pair,E_QM_visible_d0_d1_d2,4,4:1/2|5:1/2
published_coordinate_pair,E_QM_visible_d0_d1_d2,5,4:1/2|5:1/2
published_coordinate_pair,E_QM_visible_d0_d1_d2,6,6:1/2|7:1/2
published_coordinate_pair,E_QM_visible_d0_d1_d2,7,6:1/2|7:1/2
published_coordinate_pair,E_QM_visible_d0_d1_d2,8,8:1/2|9:1/2
published_coordinate_pair,E_QM_visible_d0_d1_d2,9,8:1/2|9:1/2
published_coordinate_pair,E_QM_visible_d0_d1_d2,10,10:1/2|11:1/2
published_coordinate_pair,E_QM_visible_d0_d1_d2,11,10:1/2|11:1/2
published_coordinate_pair,E_QM_visible_d0_d1_d2,12,12:1/2|13:1/2
published_coordinate_pair,E_QM_visible_d0_d1_d2,13,12:1/2|13:1/2
published_coordinate_pair,E_QM_visible_d0_d1_d2,14,14:1/2|15:1/2
published_coordinate_pair,E_QM_visible_d0_d1_d2,15,14:1/2|15:1/2
published_coordinate_pair,E_GR_visible_d0_d2_d3,0,0:1/2|4:1/2
published_coordinate_pair,E_GR_visible_d0_d2_d3,1,1:1/2|5:1/2
published_coordinate_pair,E_GR_visible_d0_d2_d3,2,2:1/2|6:1/2
published_coordinate_pair,E_GR_visible_d0_d2_d3,3,3:1/2|7:1/2
published_coordinate_pair,E_GR_visible_d0_d2_d3,4,0:1/2|4:1/2
published_coordinate_pair,E_GR_visible_d0_d2_d3,5,1:1/2|5:1/2
published_coordinate_pair,E_GR_visible_d0_d2_d3,6,2:1/2|6:1/2
published_coordinate_pair,E_GR_visible_d0_d2_d3,7,3:1/2|7:1/2
published_coordinate_pair,E_GR_visible_d0_d2_d3,8,8:1/2|12:1/2
published_coordinate_pair,E_GR_visible_d0_d2_d3,9,9:1/2|13:1/2
published_coordinate_pair,E_GR_visible_d0_d2_d3,10,10:1/2|14:1/2
published_coordinate_pair,E_GR_visible_d0_d2_d3,11,11:1/2|15:1/2
published_coordinate_pair,E_GR_visible_d0_d2_d3,12,8:1/2|12:1/2
published_coordinate_pair,E_GR_visible_d0_d2_d3,13,9:1/2|13:1/2
published_coordinate_pair,E_GR_visible_d0_d2_d3,14,10:1/2|14:1/2
published_coordinate_pair,E_GR_visible_d0_d2_d3,15,11:1/2|15:1/2
conditional_mean_vs_nonlinear_source_projection,E_quantize_conditional_mean_d0_d1_d2,0,0:1/2|1:1/2
conditional_mean_vs_nonlinear_source_projection,E_quantize_conditional_mean_d0_d1_d2,1,0:1/2|1:1/2
conditional_mean_vs_nonlinear_source_projection,E_quantize_conditional_mean_d0_d1_d2,2,2:1/2|3:1/2
conditional_mean_vs_nonlinear_source_projection,E_quantize_conditional_mean_d0_d1_d2,3,2:1/2|3:1/2
conditional_mean_vs_nonlinear_source_projection,E_quantize_conditional_mean_d0_d1_d2,4,4:1/2|5:1/2
conditional_mean_vs_nonlinear_source_projection,E_quantize_conditional_mean_d0_d1_d2,5,4:1/2|5:1/2
conditional_mean_vs_nonlinear_source_projection,E_quantize_conditional_mean_d0_d1_d2,6,6:1/2|7:1/2
conditional_mean_vs_nonlinear_source_projection,E_quantize_conditional_mean_d0_d1_d2,7,6:1/2|7:1/2
conditional_mean_vs_nonlinear_source_projection,E_quantize_conditional_mean_d0_d1_d2,8,8:1/2|9:1/2
conditional_mean_vs_nonlinear_source_projection,E_quantize_conditional_mean_d0_d1_d2,9,8:1/2|9:1/2
conditional_mean_vs_nonlinear_source_projection,E_quantize_conditional_mean_d0_d1_d2,10,10:1/2|11:1/2
conditional_mean_vs_nonlinear_source_projection,E_quantize_conditional_mean_d0_d1_d2,11,10:1/2|11:1/2
conditional_mean_vs_nonlinear_source_projection,E_quantize_conditional_mean_d0_d1_d2,12,12:1/2|13:1/2
conditional_mean_vs_nonlinear_source_projection,E_quantize_conditional_mean_d0_d1_d2,13,12:1/2|13:1/2
conditional_mean_vs_nonlinear_source_projection,E_quantize_conditional_mean_d0_d1_d2,14,14:1/2|15:1/2
conditional_mean_vs_nonlinear_source_projection,E_quantize_conditional_mean_d0_d1_d2,15,14:1/2|15:1/2
conditional_mean_vs_nonlinear_source_projection,E_curve_retract_d3_to_d0_OR_d2,0,0:1
conditional_mean_vs_nonlinear_source_projection,E_curve_retract_d3_to_d0_OR_d2,1,0:1
conditional_mean_vs_nonlinear_source_projection,E_curve_retract_d3_to_d0_OR_d2,2,3:1
conditional_mean_vs_nonlinear_source_projection,E_curve_retract_d3_to_d0_OR_d2,3,3:1
conditional_mean_vs_nonlinear_source_projection,E_curve_retract_d3_to_d0_OR_d2,4,4:1
conditional_mean_vs_nonlinear_source_projection,E_curve_retract_d3_to_d0_OR_d2,5,4:1
conditional_mean_vs_nonlinear_source_projection,E_curve_retract_d3_to_d0_OR_d2,6,7:1
conditional_mean_vs_nonlinear_source_projection,E_curve_retract_d3_to_d0_OR_d2,7,7:1
conditional_mean_vs_nonlinear_source_projection,E_curve_retract_d3_to_d0_OR_d2,8,9:1
conditional_mean_vs_nonlinear_source_projection,E_curve_retract_d3_to_d0_OR_d2,9,9:1
conditional_mean_vs_nonlinear_source_projection,E_curve_retract_d3_to_d0_OR_d2,10,11:1
conditional_mean_vs_nonlinear_source_projection,E_curve_retract_d3_to_d0_OR_d2,11,11:1
conditional_mean_vs_nonlinear_source_projection,E_curve_retract_d3_to_d0_OR_d2,12,13:1
conditional_mean_vs_nonlinear_source_projection,E_curve_retract_d3_to_d0_OR_d2,13,13:1
conditional_mean_vs_nonlinear_source_projection,E_curve_retract_d3_to_d0_OR_d2,14,15:1
conditional_mean_vs_nonlinear_source_projection,E_curve_retract_d3_to_d0_OR_d2,15,15:1
nonfactorizing_conditional_means,E_quantized_shell_d0_and_d1_plus_d2,0,0:1/2|1:1/2
nonfactorizing_conditional_means,E_quantized_shell_d0_and_d1_plus_d2,1,0:1/2|1:1/2
nonfactorizing_conditional_means,E_quantized_shell_d0_and_d1_plus_d2,2,2:1/4|3:1/4|4:1/4|5:1/4
nonfactorizing_conditional_means,E_quantized_shell_d0_and_d1_plus_d2,3,2:1/4|3:1/4|4:1/4|5:1/4
nonfactorizing_conditional_means,E_quantized_shell_d0_and_d1_plus_d2,4,2:1/4|3:1/4|4:1/4|5:1/4
nonfactorizing_conditional_means,E_quantized_shell_d0_and_d1_plus_d2,5,2:1/4|3:1/4|4:1/4|5:1/4
nonfactorizing_conditional_means,E_quantized_shell_d0_and_d1_plus_d2,6,6:1/2|7:1/2
nonfactorizing_conditional_means,E_quantized_shell_d0_and_d1_plus_d2,7,6:1/2|7:1/2
nonfactorizing_conditional_means,E_quantized_shell_d0_and_d1_plus_d2,8,8:1/2|9:1/2
nonfactorizing_conditional_means,E_quantized_shell_d0_and_d1_plus_d2,9,8:1/2|9:1/2
nonfactorizing_conditional_means,E_quantized_shell_d0_and_d1_plus_d2,10,10:1/4|11:1/4|12:1/4|13:1/4
nonfactorizing_conditional_means,E_quantized_shell_d0_and_d1_plus_d2,11,10:1/4|11:1/4|12:1/4|13:1/4
nonfactorizing_conditional_means,E_quantized_shell_d0_and_d1_plus_d2,12,10:1/4|11:1/4|12:1/4|13:1/4
nonfactorizing_conditional_means,E_quantized_shell_d0_and_d1_plus_d2,13,10:1/4|11:1/4|12:1/4|13:1/4
nonfactorizing_conditional_means,E_quantized_shell_d0_and_d1_plus_d2,14,14:1/2|15:1/2
nonfactorizing_conditional_means,E_quantized_shell_d0_and_d1_plus_d2,15,14:1/2|15:1/2
nonfactorizing_conditional_means,E_curved_shell_d0_and_d2_plus_d3,0,0:1/2|4:1/2
nonfactorizing_conditional_means,E_curved_shell_d0_and_d2_plus_d3,1,1:1/4|2:1/4|5:1/4|6:1/4
nonfactorizing_conditional_means,E_curved_shell_d0_and_d2_plus_d3,2,1:1/4|2:1/4|5:1/4|6:1/4
nonfactorizing_conditional_means,E_curved_shell_d0_and_d2_plus_d3,3,3:1/2|7:1/2
nonfactorizing_conditional_means,E_curved_shell_d0_and_d2_plus_d3,4,0:1/2|4:1/2
nonfactorizing_conditional_means,E_curved_shell_d0_and_d2_plus_d3,5,1:1/4|2:1/4|5:1/4|6:1/4
nonfactorizing_conditional_means,E_curved_shell_d0_and_d2_plus_d3,6,1:1/4|2:1/4|5:1/4|6:1/4
nonfactorizing_conditional_means,E_curved_shell_d0_and_d2_plus_d3,7,3:1/2|7:1/2
nonfactorizing_conditional_means,E_curved_shell_d0_and_d2_plus_d3,8,8:1/2|12:1/2
nonfactorizing_conditional_means,E_curved_shell_d0_and_d2_plus_d3,9,9:1/4|10:1/4|13:1/4|14:1/4
nonfactorizing_conditional_means,E_curved_shell_d0_and_d2_plus_d3,10,9:1/4|10:1/4|13:1/4|14:1/4
nonfactorizing_conditional_means,E_curved_shell_d0_and_d2_plus_d3,11,11:1/2|15:1/2
nonfactorizing_conditional_means,E_curved_shell_d0_and_d2_plus_d3,12,8:1/2|12:1/2
nonfactorizing_conditional_means,E_curved_shell_d0_and_d2_plus_d3,13,9:1/4|10:1/4|13:1/4|14:1/4
nonfactorizing_conditional_means,E_curved_shell_d0_and_d2_plus_d3,14,9:1/4|10:1/4|13:1/4|14:1/4
nonfactorizing_conditional_means,E_curved_shell_d0_and_d2_plus_d3,15,11:1/2|15:1/2
nested_coordinate_control,E_QM_visible_d0_d1_d2,0,0:1/2|1:1/2
nested_coordinate_control,E_QM_visible_d0_d1_d2,1,0:1/2|1:1/2
nested_coordinate_control,E_QM_visible_d0_d1_d2,2,2:1/2|3:1/2
nested_coordinate_control,E_QM_visible_d0_d1_d2,3,2:1/2|3:1/2
nested_coordinate_control,E_QM_visible_d0_d1_d2,4,4:1/2|5:1/2
nested_coordinate_control,E_QM_visible_d0_d1_d2,5,4:1/2|5:1/2
nested_coordinate_control,E_QM_visible_d0_d1_d2,6,6:1/2|7:1/2
nested_coordinate_control,E_QM_visible_d0_d1_d2,7,6:1/2|7:1/2
nested_coordinate_control,E_QM_visible_d0_d1_d2,8,8:1/2|9:1/2
nested_coordinate_control,E_QM_visible_d0_d1_d2,9,8:1/2|9:1/2
nested_coordinate_control,E_QM_visible_d0_d1_d2,10,10:1/2|11:1/2
nested_coordinate_control,E_QM_visible_d0_d1_d2,11,10:1/2|11:1/2
nested_coordinate_control,E_QM_visible_d0_d1_d2,12,12:1/2|13:1/2
nested_coordinate_control,E_QM_visible_d0_d1_d2,13,12:1/2|13:1/2
nested_coordinate_control,E_QM_visible_d0_d1_d2,14,14:1/2|15:1/2
nested_coordinate_control,E_QM_visible_d0_d1_d2,15,14:1/2|15:1/2
nested_coordinate_control,E_overlap_visible_d0_d2,0,0:1/4|1:1/4|4:1/4|5:1/4
nested_coordinate_control,E_overlap_visible_d0_d2,1,0:1/4|1:1/4|4:1/4|5:1/4
nested_coordinate_control,E_overlap_visible_d0_d2,2,2:1/4|3:1/4|6:1/4|7:1/4
nested_coordinate_control,E_overlap_visible_d0_d2,3,2:1/4|3:1/4|6:1/4|7:1/4
nested_coordinate_control,E_overlap_visible_d0_d2,4,0:1/4|1:1/4|4:1/4|5:1/4
nested_coordinate_control,E_overlap_visible_d0_d2,5,0:1/4|1:1/4|4:1/4|5:1/4
nested_coordinate_control,E_overlap_visible_d0_d2,6,2:1/4|3:1/4|6:1/4|7:1/4
nested_coordinate_control,E_overlap_visible_d0_d2,7,2:1/4|3:1/4|6:1/4|7:1/4
nested_coordinate_control,E_overlap_visible_d0_d2,8,8:1/4|9:1/4|12:1/4|13:1/4
nested_coordinate_control,E_overlap_visible_d0_d2,9,8:1/4|9:1/4|12:1/4|13:1/4
nested_coordinate_control,E_overlap_visible_d0_d2,10,10:1/4|11:1/4|14:1/4|15:1/4
nested_coordinate_control,E_overlap_visible_d0_d2,11,10:1/4|11:1/4|14:1/4|15:1/4
nested_coordinate_control,E_overlap_visible_d0_d2,12,8:1/4|9:1/4|12:1/4|13:1/4
nested_coordinate_control,E_overlap_visible_d0_d2,13,8:1/4|9:1/4|12:1/4|13:1/4
nested_coordinate_control,E_overlap_visible_d0_d2,14,10:1/4|11:1/4|14:1/4|15:1/4
nested_coordinate_control,E_overlap_visible_d0_d2,15,10:1/4|11:1/4|14:1/4|15:1/4
