pair_id,state_index,state,E1E2_distribution,E2E1_distribution,commutator_row
conditional_mean_vs_nonlinear_source_projection,0,0000,0:1,0:1/2|1:1/2,0:1/2|1:-1/2
conditional_mean_vs_nonlinear_source_projection,1,0001,0:1,0:1/2|1:1/2,0:1/2|1:-1/2
conditional_mean_vs_nonlinear_source_projection,2,0010,3:1,2:1/2|3:1/2,2:-1/2|3:1/2
conditional_mean_vs_nonlinear_source_projection,3,0011,3:1,2:1/2|3:1/2,2:-1/2|3:1/2
conditional_mean_vs_nonlinear_source_projection,4,0100,4:1,4:1/2|5:1/2,4:1/2|5:-1/2
conditional_mean_vs_nonlinear_source_projection,5,0101,4:1,4:1/2|5:1/2,4:1/2|5:-1/2
conditional_mean_vs_nonlinear_source_projection,6,0110,7:1,6:1/2|7:1/2,6:-1/2|7:1/2
conditional_mean_vs_nonlinear_source_projection,7,0111,7:1,6:1/2|7:1/2,6:-1/2|7:1/2
conditional_mean_vs_nonlinear_source_projection,8,1000,9:1,8:1/2|9:1/2,8:-1/2|9:1/2
conditional_mean_vs_nonlinear_source_projection,9,1001,9:1,8:1/2|9:1/2,8:-1/2|9:1/2
conditional_mean_vs_nonlinear_source_projection,10,1010,11:1,10:1/2|11:1/2,10:-1/2|11:1/2
conditional_mean_vs_nonlinear_source_projection,11,1011,11:1,10:1/2|11:1/2,10:-1/2|11:1/2
conditional_mean_vs_nonlinear_source_projection,12,1100,13:1,12:1/2|13:1/2,12:-1/2|13:1/2
conditional_mean_vs_nonlinear_source_projection,13,1101,13:1,12:1/2|13:1/2,12:-1/2|13:1/2
conditional_mean_vs_nonlinear_source_projection,14,1110,15:1,14:1/2|15:1/2,14:-1/2|15:1/2
conditional_mean_vs_nonlinear_source_projection,15,1111,15:1,14:1/2|15:1/2,14:-1/2|15:1/2
nonfactorizing_conditional_means,0,0000,0:1/4|1:1/8|2:1/8|4:1/4|5:1/8|6:1/8,0:1/4|1:1/4|2:1/8|3:1/8|4:1/8|5:1/8,1:-1/8|3:-1/8|4:1/8|6:1/8
nonfactorizing_conditional_means,1,0001,0:1/4|1:1/8|2:1/8|4:1/4|5:1/8|6:1/8,0:1/8|1:1/8|2:1/8|3:1/8|4:1/8|5:1/8|6:1/8|7:1/8,0:1/8|3:-1/8|4:1/8|7:-1/8
nonfactorizing_conditional_means,3,0011,0:1/8|1:1/8|2:1/8|3:1/8|4:1/8|5:1/8|6:1/8|7:1/8,2:1/8|3:1/8|4:1/8|5:1/8|6:1/4|7:1/4,0:1/8|1:1/8|6:-1/8|7:-1/8
nonfactorizing_conditional_means,4,0100,0:1/8|1:1/8|2:1/8|3:1/8|4:1/8|5:1/8|6:1/8|7:1/8,0:1/4|1:1/4|2:1/8|3:1/8|4:1/8|5:1/8,0:-1/8|1:-1/8|6:1/8|7:1/8
nonfactorizing_conditional_means,6,0110,1:1/8|2:1/8|3:1/4|5:1/8|6:1/8|7:1/4,0:1/8|1:1/8|2:1/8|3:1/8|4:1/8|5:1/8|6:1/8|7:1/8,0:-1/8|3:1/8|4:-1/8|7:1/8
nonfactorizing_conditional_means,7,0111,1:1/8|2:1/8|3:1/4|5:1/8|6:1/8|7:1/4,2:1/8|3:1/8|4:1/8|5:1/8|6:1/4|7:1/4,1:1/8|3:1/8|4:-1/8|6:-1/8
nonfactorizing_conditional_means,8,1000,8:1/4|9:1/8|10:1/8|12:1/4|13:1/8|14:1/8,8:1/4|9:1/4|10:1/8|11:1/8|12:1/8|13:1/8,9:-1/8|11:-1/8|12:1/8|14:1/8
nonfactorizing_conditional_means,9,1001,8:1/4|9:1/8|10:1/8|12:1/4|13:1/8|14:1/8,8:1/8|9:1/8|10:1/8|11:1/8|12:1/8|13:1/8|14:1/8|15:1/8,8:1/8|11:-1/8|12:1/8|15:-1/8
nonfactorizing_conditional_means,11,1011,8:1/8|9:1/8|10:1/8|11:1/8|12:1/8|13:1/8|14:1/8|15:1/8,10:1/8|11:1/8|12:1/8|13:1/8|14:1/4|15:1/4,8:1/8|9:1/8|14:-1/8|15:-1/8
nonfactorizing_conditional_means,12,1100,8:1/8|9:1/8|10:1/8|11:1/8|12:1/8|13:1/8|14:1/8|15:1/8,8:1/4|9:1/4|10:1/8|11:1/8|12:1/8|13:1/8,8:-1/8|9:-1/8|14:1/8|15:1/8
nonfactorizing_conditional_means,14,1110,9:1/8|10:1/8|11:1/4|13:1/8|14:1/8|15:1/4,8:1/8|9:1/8|10:1/8|11:1/8|12:1/8|13:1/8|14:1/8|15:1/8,8:-1/8|11:1/8|12:-1/8|15:1/8
nonfactorizing_conditional_means,15,1111,9:1/8|10:1/8|11:1/4|13:1/8|14:1/8|15:1/4,10:1/8|11:1/8|12:1/8|13:1/8|14:1/4|15:1/4,9:1/8|11:1/8|12:-1/8|14:-1/8
