artifact,output,classification,grade,scope
sourcing_unification_step25.py,"Co-sourcing unification computation from Step 24 fields","analytical structural","finite-carrier diagnostic","Step 25 carrier and control"
field_carrier_step25.json,"L field carrier and control pairing","analytical structural","finite-carrier diagnostic","Step 25"
sourced_descent_audits_step25.csv,"Per-site Born and stress-energy descent audit values for L and control","analytical structural","finite-carrier diagnostic","L and control"
co_sourcing_consistency_step25.csv,"Per-sample single-psi co-sourcing residuals","analytical structural","finite-carrier diagnostic","L and control"
co_sourcing_summary_step25.csv,"Aggregate co-sourcing residuals and pass/fail","analytical structural","finite-carrier diagnostic","Step 25"
sourcing_unification_statement_step25.tex,"LaTeX statement of co-sourcing criterion and result","analytical structural","finite-carrier diagnostic","Step 25"
sourcing_unification_output_step25.json,"Verdict payload and guard flags","organizational/audit","diagnostic-complete","Step 25"
sourcing_unification_output_step25.txt,"Readable co-sourcing verdict","organizational/audit","diagnostic-complete","Step 25"
step25_results_summary.md,"Orientation carrier computation verdict and frontier","organizational/audit","diagnostic-complete","Step 25"
step25_schema.json,"Machine-readable schema and verdict","organizational/audit","diagnostic-complete","Step 25"
nonclaim_boundary_step25.md,"Mandatory nonclaim boundary","organizational/audit","diagnostic-complete","Step 25"
construction_gate_audit_step25.csv,"Gate audit for single-psi consistency and control failure","organizational/audit","diagnostic-complete","Step 25"
run_step25.py,"Validation script for co-sourcing computation and guardrails","organizational/audit","diagnostic-complete","Step 25"
