carrier,seed,stage,edge_index,u,v,weight_exact
wheel_W4__b8__leaf_offset0,47,raw,0,B0,I0,7009386627097/6871947673600
wheel_W4__b8__leaf_offset0,47,raw,1,B1,I1,3573412790297/3435973836800
wheel_W4__b8__leaf_offset0,47,raw,2,B2,I2,1666447310873/1717986918400
wheel_W4__b8__leaf_offset0,47,raw,3,B3,I3,970662608921/858993459200
wheel_W4__b8__leaf_offset0,47,raw,4,B4,I0,463856467993/429496729600
wheel_W4__b8__leaf_offset0,47,raw,5,B5,I1,229780750361/214748364800
wheel_W4__b8__leaf_offset0,47,raw,6,B6,I2,22548578309/21474836480
wheel_W4__b8__leaf_offset0,47,raw,7,B7,I3,61203283993/53687091200
wheel_W4__b8__leaf_offset0,47,raw,8,I0,I1,4831838213/5368709120
wheel_W4__b8__leaf_offset0,47,raw,9,I0,I2,12348031001/13421772800
wheel_W4__b8__leaf_offset0,47,raw,10,I0,I3,6979321881/6710886400
wheel_W4__b8__leaf_offset0,47,raw,11,I1,I2,3657433113/3355443200
wheel_W4__b8__leaf_offset0,47,raw,12,I1,I3,1744830489/1677721600
wheel_W4__b8__leaf_offset0,47,raw,13,I2,I3,176160773/167772160
wheel_W4__b8__leaf_offset0,47,five_move_reduced,0,B0,I0,7009386627097/6871947673600
wheel_W4__b8__leaf_offset0,47,five_move_reduced,1,B1,I1,3573412790297/3435973836800
wheel_W4__b8__leaf_offset0,47,five_move_reduced,2,B2,I2,1666447310873/1717986918400
wheel_W4__b8__leaf_offset0,47,five_move_reduced,3,B3,I3,970662608921/858993459200
wheel_W4__b8__leaf_offset0,47,five_move_reduced,4,B4,I0,463856467993/429496729600
wheel_W4__b8__leaf_offset0,47,five_move_reduced,5,B5,I1,229780750361/214748364800
wheel_W4__b8__leaf_offset0,47,five_move_reduced,6,B6,I2,22548578309/21474836480
wheel_W4__b8__leaf_offset0,47,five_move_reduced,7,B7,I3,61203283993/53687091200
wheel_W4__b8__leaf_offset0,47,five_move_reduced,8,I0,I1,4831838213/5368709120
wheel_W4__b8__leaf_offset0,47,five_move_reduced,9,I0,I2,12348031001/13421772800
wheel_W4__b8__leaf_offset0,47,five_move_reduced,10,I0,I3,6979321881/6710886400
wheel_W4__b8__leaf_offset0,47,five_move_reduced,11,I1,I2,3657433113/3355443200
wheel_W4__b8__leaf_offset0,47,five_move_reduced,12,I1,I3,1744830489/1677721600
wheel_W4__b8__leaf_offset0,47,five_move_reduced,13,I2,I3,176160773/167772160
wheel_W4__b8__leaf_offset1,17,raw,0,B0,I1,7009386627097/6871947673600
wheel_W4__b8__leaf_offset1,17,raw,1,B1,I2,3573412790297/3435973836800
wheel_W4__b8__leaf_offset1,17,raw,2,B2,I3,68719476737/68719476736
wheel_W4__b8__leaf_offset1,17,raw,3,B3,I0,764504178713/858993459200
wheel_W4__b8__leaf_offset1,17,raw,4,B4,I1,489626271769/429496729600
wheel_W4__b8__leaf_offset1,17,raw,5,B5,I2,216895848473/214748364800
wheel_W4__b8__leaf_offset1,17,raw,6,B6,I3,106300440601/107374182400
wheel_W4__b8__leaf_offset1,17,raw,7,B7,I0,54223962137/53687091200
wheel_W4__b8__leaf_offset1,17,raw,8,I0,I1,27380416537/26843545600
wheel_W4__b8__leaf_offset1,17,raw,9,I0,I2,2550136837/2684354560
wheel_W4__b8__leaf_offset1,17,raw,10,I0,I3,268435457/268435456
wheel_W4__b8__leaf_offset1,17,raw,11,I1,I2,3489660953/3355443200
wheel_W4__b8__leaf_offset1,17,raw,12,I1,I3,1610612761/1677721600
wheel_W4__b8__leaf_offset1,17,raw,13,I2,I3,788529177/838860800
wheel_W4__b8__leaf_offset1,17,five_move_reduced,0,<<Y:<<Y:I0+I1+I2>+I1>+I0+I3>+I0>,<<Y:I0+I1+I2>+I1>,78651589083/26843545600
wheel_W4__b8__leaf_offset1,17,five_move_reduced,1,<<Y:<<Y:I0+I1+I2>+I1>+I0+I3>+I0>,B3,764504178713/858993459200
wheel_W4__b8__leaf_offset1,17,five_move_reduced,2,<<Y:<<Y:I0+I1+I2>+I1>+I0+I3>+I0>,B7,54223962137/53687091200
wheel_W4__b8__leaf_offset1,17,five_move_reduced,3,<<Y:<<Y:I0+I1+I2>+I1>+I0+I3>+I0>,I3,13153337469/6710886400
wheel_W4__b8__leaf_offset1,17,five_move_reduced,4,<<Y:I0+I1+I2>+I1>,B0,7009386627097/6871947673600
wheel_W4__b8__leaf_offset1,17,five_move_reduced,5,<<Y:I0+I1+I2>+I1>,B4,489626271769/429496729600
wheel_W4__b8__leaf_offset1,17,five_move_reduced,6,<<Y:I0+I1+I2>+I1>,I2,26709327997/13421772800
wheel_W4__b8__leaf_offset1,17,five_move_reduced,7,B1,I2,3573412790297/3435973836800
wheel_W4__b8__leaf_offset1,17,five_move_reduced,8,B2,I3,68719476737/68719476736
wheel_W4__b8__leaf_offset1,17,five_move_reduced,9,B5,I2,216895848473/214748364800
wheel_W4__b8__leaf_offset1,17,five_move_reduced,10,B6,I3,106300440601/107374182400
wheel_W4__b8__leaf_offset1,17,five_move_reduced,11,I2,I3,788529177/838860800
wheel_W4__b8__leaf_offset1,31,raw,0,B0,I1,7146825580569/6871947673600
wheel_W4__b8__leaf_offset1,31,raw,1,B1,I2,3401614098457/3435973836800
wheel_W4__b8__leaf_offset1,31,raw,2,B2,I3,326417514501/343597383680
wheel_W4__b8__leaf_offset1,31,raw,3,B3,I0,163208757253/171798691840
wheel_W4__b8__leaf_offset1,31,raw,4,B4,I1,94489280517/85899345920
wheel_W4__b8__leaf_offset1,31,raw,5,B5,I2,231928234009/214748364800
wheel_W4__b8__leaf_offset1,31,raw,6,B6,I3,108447924249/107374182400
wheel_W4__b8__leaf_offset1,31,raw,7,B7,I0,11274289157/10737418240
wheel_W4__b8__leaf_offset1,31,raw,8,I0,I1,25769803801/26843545600
wheel_W4__b8__leaf_offset1,31,raw,9,I0,I2,3087007749/2684354560
wheel_W4__b8__leaf_offset1,31,raw,10,I0,I3,5972688921/6710886400
wheel_W4__b8__leaf_offset1,31,raw,11,I1,I2,3825205273/3355443200
wheel_W4__b8__leaf_offset1,31,raw,12,I1,I3,1610612761/1677721600
wheel_W4__b8__leaf_offset1,31,raw,13,I2,I3,721420313/838860800
wheel_W4__b8__leaf_offset1,31,five_move_reduced,0,<<Y:<<Y:I0+I1+I2>+I2>+I0+I3>+I0>,<<Y:I0+I1+I2>+I2>,79725331307/26843545600
wheel_W4__b8__leaf_offset1,31,five_move_reduced,1,<<Y:<<Y:I0+I1+I2>+I2>+I0+I3>+I0>,B3,163208757253/171798691840
wheel_W4__b8__leaf_offset1,31,five_move_reduced,2,<<Y:<<Y:I0+I1+I2>+I2>+I0+I3>+I0>,B7,11274289157/10737418240
wheel_W4__b8__leaf_offset1,31,five_move_reduced,3,<<Y:<<Y:I0+I1+I2>+I2>+I0+I3>+I0>,I3,469762057/268435456
wheel_W4__b8__leaf_offset1,31,five_move_reduced,4,<<Y:I0+I1+I2>+I2>,B1,3401614098457/3435973836800
wheel_W4__b8__leaf_offset1,31,five_move_reduced,5,<<Y:I0+I1+I2>+I2>,B5,231928234009/214748364800
wheel_W4__b8__leaf_offset1,31,five_move_reduced,6,<<Y:I0+I1+I2>+I2>,I1,11274289197/5368709120
wheel_W4__b8__leaf_offset1,31,five_move_reduced,7,B0,I1,7146825580569/6871947673600
wheel_W4__b8__leaf_offset1,31,five_move_reduced,8,B2,I3,326417514501/343597383680
wheel_W4__b8__leaf_offset1,31,five_move_reduced,9,B4,I1,94489280517/85899345920
wheel_W4__b8__leaf_offset1,31,five_move_reduced,10,B6,I3,108447924249/107374182400
wheel_W4__b8__leaf_offset1,31,five_move_reduced,11,I1,I3,1610612761/1677721600
K23_bipartite__b6__leaf_offset0,31,raw,0,B0,I0,395136991237/343597383680
K23_bipartite__b6__leaf_offset0,31,raw,1,B1,I1,738734374937/858993459200
K23_bipartite__b6__leaf_offset0,31,raw,2,B2,I2,438086664217/429496729600
K23_bipartite__b6__leaf_offset0,31,raw,3,B3,I3,223338299417/214748364800
K23_bipartite__b6__leaf_offset0,31,raw,4,B4,I4,23622320133/21474836480
K23_bipartite__b6__leaf_offset0,31,raw,5,B5,I0,58518929433/53687091200
K23_bipartite__b6__leaf_offset0,31,raw,6,I0,I2,25769803801/26843545600
K23_bipartite__b6__leaf_offset0,31,raw,7,I0,I3,12884901913/13421772800
K23_bipartite__b6__leaf_offset0,31,raw,8,I0,I4,6308233241/6710886400
K23_bipartite__b6__leaf_offset0,31,raw,9,I1,I2,771751941/671088640
K23_bipartite__b6__leaf_offset0,31,raw,10,I1,I3,1493172249/1677721600
K23_bipartite__b6__leaf_offset0,31,raw,11,I1,I4,805306393/838860800
K23_bipartite__b6__leaf_offset0,31,five_move_reduced,0,<I1+I2>,<Y:<I1+I2>+I0+I3>,19327353111/8589934592
K23_bipartite__b6__leaf_offset0,31,five_move_reduced,1,<I1+I2>,B1,738734374937/858993459200
K23_bipartite__b6__leaf_offset0,31,five_move_reduced,2,<I1+I2>,B2,438086664217/429496729600
K23_bipartite__b6__leaf_offset0,31,five_move_reduced,3,<I1+I2>,B4,120259087113/214748364800
K23_bipartite__b6__leaf_offset0,31,five_move_reduced,4,<Y:<I1+I2>+I0+I3>,B3,223338299417/214748364800
K23_bipartite__b6__leaf_offset0,31,five_move_reduced,5,<Y:<I1+I2>+I0+I3>,I0,498216210511/214748364800
K23_bipartite__b6__leaf_offset0,31,five_move_reduced,6,B0,I0,395136991237/343597383680
K23_bipartite__b6__leaf_offset0,31,five_move_reduced,7,B4,I0,115964114217/214748364800
K23_bipartite__b6__leaf_offset0,31,five_move_reduced,8,B5,I0,58518929433/53687091200
K23_bipartite__b6__dual_gateway,47,raw,0,B0,I1,1924145348633/1717986918400
K23_bipartite__b6__dual_gateway,47,raw,1,B1,I2,807453851673/858993459200
K23_bipartite__b6__dual_gateway,47,raw,2,B2,I3,373662154777/429496729600
K23_bipartite__b6__dual_gateway,47,raw,3,B3,I4,234075717657/214748364800
K23_bipartite__b6__dual_gateway,47,raw,4,B4,I0,117037858841/107374182400
K23_bipartite__b6__dual_gateway,47,raw,5,B5,I1,59592671257/53687091200
K23_bipartite__b6__dual_gateway,47,raw,6,I0,I2,4831838213/5368709120
K23_bipartite__b6__dual_gateway,47,raw,7,I0,I3,14361296921/13421772800
K23_bipartite__b6__dual_gateway,47,raw,8,I0,I4,6509559833/6710886400
K23_bipartite__b6__dual_gateway,47,raw,9,I1,I2,3724541977/3355443200
K23_bipartite__b6__dual_gateway,47,raw,10,I1,I3,1728053273/1677721600
K23_bipartite__b6__dual_gateway,47,raw,11,I1,I4,150994949/167772160
K23_bipartite__b6__dual_gateway,47,five_move_reduced,0,<I0+I4>,<Y:<I0+I4>+I1+I2>,2074469237543/858993459200
K23_bipartite__b6__dual_gateway,47,five_move_reduced,1,<I0+I4>,B2,390842018361/858993459200
K23_bipartite__b6__dual_gateway,47,five_move_reduced,2,<I0+I4>,B3,234075717657/214748364800
K23_bipartite__b6__dual_gateway,47,five_move_reduced,3,<I0+I4>,B4,117037858841/107374182400
K23_bipartite__b6__dual_gateway,47,five_move_reduced,4,<Y:<I0+I4>+I1+I2>,B1,807453851673/858993459200
K23_bipartite__b6__dual_gateway,47,five_move_reduced,5,<Y:<I0+I4>+I1+I2>,I1,90194314783/34359738368
K23_bipartite__b6__dual_gateway,47,five_move_reduced,6,B0,I1,1924145348633/1717986918400
K23_bipartite__b6__dual_gateway,47,five_move_reduced,7,B2,I1,356482291193/858993459200
K23_bipartite__b6__dual_gateway,47,five_move_reduced,8,B5,I1,59592671257/53687091200
K23_bipartite__b7__leaf_offset1,47,raw,0,B0,I1,3573412790297/3435973836800
K23_bipartite__b7__leaf_offset1,47,raw,1,B1,I2,1958505087001/1717986918400
K23_bipartite__b7__leaf_offset1,47,raw,2,B2,I3,850403524633/858993459200
K23_bipartite__b7__leaf_offset1,47,raw,3,B3,I4,98784247813/85899345920
K23_bipartite__b7__leaf_offset1,47,raw,4,B4,I0,227633266713/214748364800
K23_bipartite__b7__leaf_offset1,47,raw,5,B5,I1,22548578309/21474836480
K23_bipartite__b7__leaf_offset1,47,raw,6,B6,I2,47244640281/53687091200
K23_bipartite__b7__leaf_offset1,47,raw,7,I0,I2,5100273669/5368709120
K23_bipartite__b7__leaf_offset1,47,raw,8,I0,I3,15032385561/13421772800
K23_bipartite__b7__leaf_offset1,47,raw,9,I0,I4,5771362329/6710886400
K23_bipartite__b7__leaf_offset1,47,raw,10,I1,I2,3724541977/3355443200
K23_bipartite__b7__leaf_offset1,47,raw,11,I1,I3,1728053273/1677721600
K23_bipartite__b7__leaf_offset1,47,raw,12,I1,I4,956301337/838860800
K23_bipartite__b7__leaf_offset1,47,five_move_reduced,0,<<Y:<I0+I3>+I1+I2>+I2>,<I0+I3>,2065879297351/858993459200
K23_bipartite__b7__leaf_offset1,47,five_move_reduced,1,<<Y:<I0+I3>+I1+I2>+I2>,B1,1958505087001/1717986918400
K23_bipartite__b7__leaf_offset1,47,five_move_reduced,2,<<Y:<I0+I3>+I1+I2>+I2>,B6,47244640281/53687091200
K23_bipartite__b7__leaf_offset1,47,five_move_reduced,3,<<Y:<I0+I3>+I1+I2>+I2>,I1,2203318256423/858993459200
K23_bipartite__b7__leaf_offset1,47,five_move_reduced,4,<I0+I3>,B2,850403524633/858993459200
K23_bipartite__b7__leaf_offset1,47,five_move_reduced,5,<I0+I3>,B3,373662143577/858993459200
K23_bipartite__b7__leaf_offset1,47,five_move_reduced,6,<I0+I3>,B4,227633266713/214748364800
K23_bipartite__b7__leaf_offset1,47,five_move_reduced,7,B0,I1,3573412790297/3435973836800
K23_bipartite__b7__leaf_offset1,47,five_move_reduced,8,B3,I1,614180334553/858993459200
K23_bipartite__b7__leaf_offset1,47,five_move_reduced,9,B5,I1,22548578309/21474836480
K23_bipartite__b8__leaf_offset0,17,raw,0,B0,I0,6047313952793/6871947673600
K23_bipartite__b8__leaf_offset0,17,raw,1,B1,I1,618475290629/687194767360
K23_bipartite__b8__leaf_offset0,17,raw,2,B2,I2,1855425871897/1717986918400
K23_bipartite__b8__leaf_offset0,17,raw,3,B3,I3,34359738369/34359738368
K23_bipartite__b8__leaf_offset0,17,raw,4,B4,I4,399431958553/429496729600
K23_bipartite__b8__leaf_offset0,17,raw,5,B5,I0,229780750361/214748364800
K23_bipartite__b8__leaf_offset0,17,raw,6,B6,I1,100931731481/107374182400
K23_bipartite__b8__leaf_offset0,17,raw,7,B7,I2,53150220313/53687091200
K23_bipartite__b8__leaf_offset0,17,raw,8,I0,I2,1073741825/1073741824
K23_bipartite__b8__leaf_offset0,17,raw,9,I0,I3,13153337369/13421772800
K23_bipartite__b8__leaf_offset0,17,raw,10,I0,I4,7449083929/6710886400
K23_bipartite__b8__leaf_offset0,17,raw,11,I1,I2,3489660953/3355443200
K23_bipartite__b8__leaf_offset0,17,raw,12,I1,I3,352321541/335544320
K23_bipartite__b8__leaf_offset0,17,raw,13,I1,I4,721420313/838860800
K23_bipartite__b8__leaf_offset0,17,five_move_reduced,0,<Y:I0+I1+I3>,B3,34359738369/34359738368
K23_bipartite__b8__leaf_offset0,17,five_move_reduced,1,<Y:I0+I1+I3>,I0,51539608191/34359738368
K23_bipartite__b8__leaf_offset0,17,five_move_reduced,2,<Y:I0+I1+I3>,I1,1348619758119/858993459200
K23_bipartite__b8__leaf_offset0,17,five_move_reduced,3,B0,I0,6047313952793/6871947673600
K23_bipartite__b8__leaf_offset0,17,five_move_reduced,4,B1,I1,618475290629/687194767360
K23_bipartite__b8__leaf_offset0,17,five_move_reduced,5,B2,I2,1855425871897/1717986918400
K23_bipartite__b8__leaf_offset0,17,five_move_reduced,6,B4,I0,506806129753/858993459200
K23_bipartite__b8__leaf_offset0,17,five_move_reduced,7,B4,I1,292057787353/858993459200
K23_bipartite__b8__leaf_offset0,17,five_move_reduced,8,B5,I0,229780750361/214748364800
K23_bipartite__b8__leaf_offset0,17,five_move_reduced,9,B6,I1,100931731481/107374182400
K23_bipartite__b8__leaf_offset0,17,five_move_reduced,10,B7,I2,53150220313/53687091200
K23_bipartite__b8__leaf_offset0,17,five_move_reduced,11,I0,I2,1073741825/1073741824
K23_bipartite__b8__leaf_offset0,17,five_move_reduced,12,I1,I2,3489660953/3355443200
K23_bipartite__b8__leaf_offset1,17,raw,0,B0,I1,6116033429529/6871947673600
K23_bipartite__b8__leaf_offset1,17,raw,1,B1,I2,3126736191513/3435973836800
K23_bipartite__b8__leaf_offset1,17,raw,2,B2,I3,1649267441689/1717986918400
K23_bipartite__b8__leaf_offset1,17,raw,3,B3,I4,910533066777/858993459200
K23_bipartite__b8__leaf_offset1,17,raw,4,B4,I0,73014444037/85899345920
K23_bipartite__b8__leaf_offset1,17,raw,5,B5,I1,227633266713/214748364800
K23_bipartite__b8__leaf_offset1,17,raw,6,B6,I2,22548578309/21474836480
K23_bipartite__b8__leaf_offset1,17,raw,7,B7,I3,55834574873/53687091200
K23_bipartite__b8__leaf_offset1,17,raw,8,I0,I2,23353884697/26843545600
K23_bipartite__b8__leaf_offset1,17,raw,9,I0,I3,12616466457/13421772800
K23_bipartite__b8__leaf_offset1,17,raw,10,I0,I4,1476395013/1342177280
K23_bipartite__b8__leaf_offset1,17,raw,11,I1,I2,3724541977/3355443200
K23_bipartite__b8__leaf_offset1,17,raw,12,I1,I3,1493172249/1677721600
K23_bipartite__b8__leaf_offset1,17,raw,13,I1,I4,33554433/33554432
K23_bipartite__b8__leaf_offset1,17,five_move_reduced,0,<<Y:<I0+I4>+I1+I2>+I2>,<I0+I4>,50197431097/26843545600
K23_bipartite__b8__leaf_offset1,17,five_move_reduced,1,<<Y:<I0+I4>+I1+I2>+I2>,B1,3126736191513/3435973836800
K23_bipartite__b8__leaf_offset1,17,five_move_reduced,2,<<Y:<I0+I4>+I1+I2>+I2>,B6,22548578309/21474836480
K23_bipartite__b8__leaf_offset1,17,five_move_reduced,3,<<Y:<I0+I4>+I1+I2>+I2>,I1,7079985277/3355443200
K23_bipartite__b8__leaf_offset1,17,five_move_reduced,4,<I0+I4>,B3,910533066777/858993459200
K23_bipartite__b8__leaf_offset1,17,five_move_reduced,5,<I0+I4>,B4,73014444037/85899345920
K23_bipartite__b8__leaf_offset1,17,five_move_reduced,6,<I0+I4>,I3,12616466457/13421772800
K23_bipartite__b8__leaf_offset1,17,five_move_reduced,7,B0,I1,6116033429529/6871947673600
K23_bipartite__b8__leaf_offset1,17,five_move_reduced,8,B2,I3,1649267441689/1717986918400
K23_bipartite__b8__leaf_offset1,17,five_move_reduced,9,B5,I1,227633266713/214748364800
K23_bipartite__b8__leaf_offset1,17,five_move_reduced,10,B7,I3,55834574873/53687091200
K23_bipartite__b8__leaf_offset1,17,five_move_reduced,11,I1,I3,1493172249/1677721600
K23_bipartite__b8__leaf_offset1,31,raw,0,B0,I1,6734508720153/6871947673600
K23_bipartite__b8__leaf_offset1,31,raw,1,B1,I2,3332894621721/3435973836800
K23_bipartite__b8__leaf_offset1,31,raw,2,B2,I3,1735166787609/1717986918400
K23_bipartite__b8__leaf_offset1,31,raw,3,B3,I4,824633720857/858993459200
K23_bipartite__b8__leaf_offset1,31,raw,4,B4,I0,382252089369/429496729600
K23_bipartite__b8__leaf_offset1,31,raw,5,B5,I1,216895848473/214748364800
K23_bipartite__b8__leaf_offset1,31,raw,6,B6,I2,120259084313/107374182400
K23_bipartite__b8__leaf_offset1,31,raw,7,B7,I3,50465865753/53687091200
K23_bipartite__b8__leaf_offset1,31,raw,8,I0,I2,25232932889/26843545600
K23_bipartite__b8__leaf_offset1,31,raw,9,I0,I3,3087007749/2684354560
K23_bipartite__b8__leaf_offset1,31,raw,10,I0,I4,6174015513/6710886400
K23_bipartite__b8__leaf_offset1,31,raw,11,I1,I2,570425349/671088640
K23_bipartite__b8__leaf_offset1,31,raw,12,I1,I3,385875973/335544320
K23_bipartite__b8__leaf_offset1,31,raw,13,I1,I4,889192473/838860800
K23_bipartite__b8__leaf_offset1,31,five_move_reduced,0,<<Y:I0+I1+I3>+I3>,B2,1735166787609/1717986918400
K23_bipartite__b8__leaf_offset1,31,five_move_reduced,1,<<Y:I0+I1+I3>+I3>,B7,50465865753/53687091200
K23_bipartite__b8__leaf_offset1,31,five_move_reduced,2,<<Y:I0+I1+I3>+I3>,I0,2851858316519/1717986918400
K23_bipartite__b8__leaf_offset1,31,five_move_reduced,3,<<Y:I0+I1+I3>+I3>,I1,2851858338919/1717986918400
K23_bipartite__b8__leaf_offset1,31,five_move_reduced,4,B0,I1,6734508720153/6871947673600
K23_bipartite__b8__leaf_offset1,31,five_move_reduced,5,B1,I2,3332894621721/3435973836800
K23_bipartite__b8__leaf_offset1,31,five_move_reduced,6,B3,I0,704374614169/1717986918400
K23_bipartite__b8__leaf_offset1,31,five_move_reduced,7,B3,I1,188978565509/343597383680
K23_bipartite__b8__leaf_offset1,31,five_move_reduced,8,B4,I0,382252089369/429496729600
K23_bipartite__b8__leaf_offset1,31,five_move_reduced,9,B5,I1,216895848473/214748364800
K23_bipartite__b8__leaf_offset1,31,five_move_reduced,10,B6,I2,120259084313/107374182400
K23_bipartite__b8__leaf_offset1,31,five_move_reduced,11,I0,I2,25232932889/26843545600
K23_bipartite__b8__leaf_offset1,31,five_move_reduced,12,I1,I2,570425349/671088640
K23_bipartite__b8__leaf_offset1,47,raw,0,B0,I1,6665789243417/6871947673600
K23_bipartite__b8__leaf_offset1,47,raw,1,B1,I2,3470333575193/3435973836800
K23_bipartite__b8__leaf_offset1,47,raw,2,B2,I3,309237645317/343597383680
K23_bipartite__b8__leaf_offset1,47,raw,3,B3,I4,893353197593/858993459200
K23_bipartite__b8__leaf_offset1,47,raw,4,B4,I0,459561500697/429496729600
K23_bipartite__b8__leaf_offset1,47,raw,5,B5,I1,242665652249/214748364800
K23_bipartite__b8__leaf_offset1,47,raw,6,B6,I2,121332826137/107374182400
K23_bipartite__b8__leaf_offset1,47,raw,7,B7,I3,50465865753/53687091200
K23_bipartite__b8__leaf_offset1,47,raw,8,I0,I2,24427626521/26843545600
K23_bipartite__b8__leaf_offset1,47,raw,9,I0,I3,13153337369/13421772800
K23_bipartite__b8__leaf_offset1,47,raw,10,I0,I4,6845104153/6710886400
K23_bipartite__b8__leaf_offset1,47,raw,11,I1,I2,637534213/671088640
K23_bipartite__b8__leaf_offset1,47,raw,12,I1,I3,352321541/335544320
K23_bipartite__b8__leaf_offset1,47,raw,13,I1,I4,847249433/838860800
K23_bipartite__b8__leaf_offset1,47,five_move_reduced,0,<<Y:I0+I1+I3>+I3>,B2,309237645317/343597383680
K23_bipartite__b8__leaf_offset1,47,five_move_reduced,1,<<Y:I0+I1+I3>+I3>,B7,50465865753/53687091200
K23_bipartite__b8__leaf_offset1,47,five_move_reduced,2,<<Y:I0+I1+I3>+I3>,I0,506806147323/343597383680
K23_bipartite__b8__leaf_offset1,47,five_move_reduced,3,<<Y:I0+I1+I3>+I3>,I1,2654289843303/1717986918400
K23_bipartite__b8__leaf_offset1,47,five_move_reduced,4,B0,I1,6665789243417/6871947673600
K23_bipartite__b8__leaf_offset1,47,five_move_reduced,5,B1,I2,3470333575193/3435973836800
K23_bipartite__b8__leaf_offset1,47,five_move_reduced,6,B3,I0,180388621957/343597383680
K23_bipartite__b8__leaf_offset1,47,five_move_reduced,7,B3,I1,884763285401/1717986918400
K23_bipartite__b8__leaf_offset1,47,five_move_reduced,8,B4,I0,459561500697/429496729600
K23_bipartite__b8__leaf_offset1,47,five_move_reduced,9,B5,I1,242665652249/214748364800
K23_bipartite__b8__leaf_offset1,47,five_move_reduced,10,B6,I2,121332826137/107374182400
K23_bipartite__b8__leaf_offset1,47,five_move_reduced,11,I0,I2,24427626521/26843545600
K23_bipartite__b8__leaf_offset1,47,five_move_reduced,12,I1,I2,637534213/671088640
K23_bipartite__b8__dual_gateway,17,raw,0,B0,I1,7352984010777/6871947673600
K23_bipartite__b8__dual_gateway,17,raw,1,B1,I2,137438953473/137438953472
K23_bipartite__b8__dual_gateway,17,raw,2,B2,I3,1786706395161/1717986918400
K23_bipartite__b8__dual_gateway,17,raw,3,B3,I4,764504178713/858993459200
K23_bipartite__b8__dual_gateway,17,raw,4,B4,I0,403726925849/429496729600
K23_bipartite__b8__dual_gateway,17,raw,5,B5,I1,8589934593/8589934592
K23_bipartite__b8__dual_gateway,17,raw,6,B6,I2,113816633369/107374182400
K23_bipartite__b8__dual_gateway,17,raw,7,B7,I3,47781511193/53687091200
K23_bipartite__b8__dual_gateway,17,raw,8,I0,I2,5905580037/5368709120
K23_bipartite__b8__dual_gateway,17,raw,9,I0,I3,12213813273/13421772800
K23_bipartite__b8__dual_gateway,17,raw,10,I0,I4,7247757337/6710886400
K23_bipartite__b8__dual_gateway,17,raw,11,I1,I2,3825205273/3355443200
K23_bipartite__b8__dual_gateway,17,raw,12,I1,I3,385875973/335544320
K23_bipartite__b8__dual_gateway,17,raw,13,I1,I4,738197529/838860800
K23_bipartite__b8__dual_gateway,17,five_move_reduced,0,<<Y:<I0+I4>+I1+I2>+I2>,<I0+I4>,53150221113/26843545600
K23_bipartite__b8__dual_gateway,17,five_move_reduced,1,<<Y:<I0+I4>+I1+I2>+I2>,B1,137438953473/137438953472
K23_bipartite__b8__dual_gateway,17,five_move_reduced,2,<<Y:<I0+I4>+I1+I2>+I2>,B6,113816633369/107374182400
K23_bipartite__b8__dual_gateway,17,five_move_reduced,3,<<Y:<I0+I4>+I1+I2>+I2>,I1,6777995389/3355443200
K23_bipartite__b8__dual_gateway,17,five_move_reduced,4,<I0+I4>,B3,764504178713/858993459200
K23_bipartite__b8__dual_gateway,17,five_move_reduced,5,<I0+I4>,B4,403726925849/429496729600
K23_bipartite__b8__dual_gateway,17,five_move_reduced,6,<I0+I4>,I3,12213813273/13421772800
K23_bipartite__b8__dual_gateway,17,five_move_reduced,7,B0,I1,7352984010777/6871947673600
K23_bipartite__b8__dual_gateway,17,five_move_reduced,8,B2,I3,1786706395161/1717986918400
K23_bipartite__b8__dual_gateway,17,five_move_reduced,9,B5,I1,8589934593/8589934592
K23_bipartite__b8__dual_gateway,17,five_move_reduced,10,B7,I3,47781511193/53687091200
K23_bipartite__b8__dual_gateway,17,five_move_reduced,11,I1,I3,385875973/335544320
K23_bipartite__b8__dual_gateway,31,raw,0,B0,I1,7421703487513/6871947673600
K23_bipartite__b8__dual_gateway,31,raw,1,B1,I2,3745211482137/3435973836800
K23_bipartite__b8__dual_gateway,31,raw,2,B2,I3,1786706395161/1717986918400
K23_bipartite__b8__dual_gateway,31,raw,3,B3,I4,841813590041/858993459200
K23_bipartite__b8__dual_gateway,31,raw,4,B4,I0,438086664217/429496729600
K23_bipartite__b8__dual_gateway,31,raw,5,B5,I1,47244640261/42949672960
K23_bipartite__b8__dual_gateway,31,raw,6,B6,I2,109521666073/107374182400
K23_bipartite__b8__dual_gateway,31,raw,7,B7,I3,47244640281/53687091200
K23_bipartite__b8__dual_gateway,31,raw,8,I0,I2,29259464729/26843545600
K23_bipartite__b8__dual_gateway,31,raw,9,I0,I3,14629732377/13421772800
K23_bipartite__b8__dual_gateway,31,raw,10,I0,I4,7113539609/6710886400
K23_bipartite__b8__dual_gateway,31,raw,11,I1,I2,3456106521/3355443200
K23_bipartite__b8__dual_gateway,31,raw,12,I1,I3,1560281113/1677721600
K23_bipartite__b8__dual_gateway,31,raw,13,I1,I4,939524121/838860800
K23_bipartite__b8__dual_gateway,31,five_move_reduced,0,<<Y:I0+I1+I2>+I2>,B1,3745211482137/3435973836800
K23_bipartite__b8__dual_gateway,31,five_move_reduced,1,<<Y:I0+I1+I2>+I2>,B6,109521666073/107374182400
K23_bipartite__b8__dual_gateway,31,five_move_reduced,2,<<Y:I0+I1+I2>+I2>,I0,2903397922471/1717986918400
K23_bipartite__b8__dual_gateway,31,five_move_reduced,3,<<Y:I0+I1+I2>+I2>,I1,2800318718567/1717986918400
K23_bipartite__b8__dual_gateway,31,five_move_reduced,4,B0,I1,7421703487513/6871947673600
K23_bipartite__b8__dual_gateway,31,five_move_reduced,5,B2,I3,1786706395161/1717986918400
K23_bipartite__b8__dual_gateway,31,five_move_reduced,6,B3,I0,790273960089/1717986918400
K23_bipartite__b8__dual_gateway,31,five_move_reduced,7,B3,I1,893353219993/1717986918400
K23_bipartite__b8__dual_gateway,31,five_move_reduced,8,B4,I0,438086664217/429496729600
K23_bipartite__b8__dual_gateway,31,five_move_reduced,9,B5,I1,47244640261/42949672960
K23_bipartite__b8__dual_gateway,31,five_move_reduced,10,B7,I3,47244640281/53687091200
K23_bipartite__b8__dual_gateway,31,five_move_reduced,11,I0,I3,14629732377/13421772800
K23_bipartite__b8__dual_gateway,31,five_move_reduced,12,I1,I3,1560281113/1677721600
K23_bipartite__b8__dual_gateway,47,raw,0,B0,I1,7490422964249/6871947673600
K23_bipartite__b8__dual_gateway,47,raw,1,B1,I2,755914244101/687194767360
K23_bipartite__b8__dual_gateway,47,raw,2,B2,I3,1666447310873/1717986918400
K23_bipartite__b8__dual_gateway,47,raw,3,B3,I4,910533066777/858993459200
K23_bipartite__b8__dual_gateway,47,raw,4,B4,I0,416611827737/429496729600
K23_bipartite__b8__dual_gateway,47,raw,5,B5,I1,199715979289/214748364800
K23_bipartite__b8__dual_gateway,47,raw,6,B6,I2,22548578309/21474836480
K23_bipartite__b8__dual_gateway,47,raw,7,B7,I3,46707769369/53687091200
K23_bipartite__b8__dual_gateway,47,raw,8,I0,I2,28722593817/26843545600
K23_bipartite__b8__dual_gateway,47,raw,9,I0,I3,11945377817/13421772800
K23_bipartite__b8__dual_gateway,47,raw,10,I0,I4,1543503877/1342177280
K23_bipartite__b8__dual_gateway,47,raw,11,I1,I2,570425349/671088640
K23_bipartite__b8__dual_gateway,47,raw,12,I1,I3,1476395033/1677721600
K23_bipartite__b8__dual_gateway,47,raw,13,I1,I4,889192473/838860800
K23_bipartite__b8__dual_gateway,47,five_move_reduced,0,B0,I1,7490422964249/6871947673600
K23_bipartite__b8__dual_gateway,47,five_move_reduced,1,B1,I2,755914244101/687194767360
K23_bipartite__b8__dual_gateway,47,five_move_reduced,2,B2,I3,1666447310873/1717986918400
K23_bipartite__b8__dual_gateway,47,five_move_reduced,3,B3,I4,910533066777/858993459200
K23_bipartite__b8__dual_gateway,47,five_move_reduced,4,B4,I0,416611827737/429496729600
K23_bipartite__b8__dual_gateway,47,five_move_reduced,5,B5,I1,199715979289/214748364800
K23_bipartite__b8__dual_gateway,47,five_move_reduced,6,B6,I2,22548578309/21474836480
K23_bipartite__b8__dual_gateway,47,five_move_reduced,7,B7,I3,46707769369/53687091200
K23_bipartite__b8__dual_gateway,47,five_move_reduced,8,I0,I2,28722593817/26843545600
K23_bipartite__b8__dual_gateway,47,five_move_reduced,9,I0,I3,11945377817/13421772800
K23_bipartite__b8__dual_gateway,47,five_move_reduced,10,I0,I4,1543503877/1342177280
K23_bipartite__b8__dual_gateway,47,five_move_reduced,11,I1,I2,570425349/671088640
K23_bipartite__b8__dual_gateway,47,five_move_reduced,12,I1,I3,1476395033/1677721600
K23_bipartite__b8__dual_gateway,47,five_move_reduced,13,I1,I4,889192473/838860800
