strategy_id,weight,a0,a1,b0,b1
a0-1_a1-1_b0-1_b1-1,0.182138347648318,-1,-1,-1,-1
a0-1_a1-1_b0-1_b1+1,0.03125,-1,-1,-1,1
a0-1_a1-1_b0+1_b1-1,0.03125,-1,-1,1,-1
a0-1_a1-1_b0+1_b1+1,0.00536165235168156,-1,-1,1,1
a0-1_a1+1_b0-1_b1-1,0.182138347648318,-1,1,-1,-1
a0-1_a1+1_b0-1_b1+1,0.03125,-1,1,-1,1
a0-1_a1+1_b0+1_b1-1,0.03125,-1,1,1,-1
a0-1_a1+1_b0+1_b1+1,0.00536165235168156,-1,1,1,1
a0+1_a1-1_b0-1_b1-1,0.00536165235168156,1,-1,-1,-1
a0+1_a1-1_b0-1_b1+1,0.03125,1,-1,-1,1
a0+1_a1-1_b0+1_b1-1,0.03125,1,-1,1,-1
a0+1_a1-1_b0+1_b1+1,0.182138347648318,1,-1,1,1
a0+1_a1+1_b0-1_b1-1,0.00536165235168156,1,1,-1,-1
a0+1_a1+1_b0-1_b1+1,0.03125,1,1,-1,1
a0+1_a1+1_b0+1_b1-1,0.03125,1,1,1,-1
a0+1_a1+1_b0+1_b1+1,0.182138347648318,1,1,1,1
