dimensions,support_key,support_score,residual_chiral_key_count,complex_nonabelian_residual_key_count,chirality_faithfulness_passes,residual_keys,is_target_reference
2,adjoint:-1 + sym2:1,2|6|1|1,2,0,False,adjoint:-1;sym2:1,False
2,adjoint:1 + sym2:-1,2|6|1|1,2,0,False,adjoint:1;sym2:-1,False
2|2,adjointxsinglet:-1 + rank_one_fundxrank_one_fund:2 + singletxrank_one_fund:-1 + singletxrank_one_fund:-3 + singletxsinglet:3,5|12|2|2,5,0,False,adjointxsinglet:-1;rank_one_fundxrank_one_fund:2;singletxrank_one_fund:-3;singletxrank_one_fund:-1;singletxsinglet:3,False
2|2,adjointxsinglet:1 + rank_one_fundxrank_one_fund:-2 + singletxrank_one_fund:1 + singletxrank_one_fund:3 + singletxsinglet:-3,5|12|2|2,5,0,False,adjointxsinglet:1;rank_one_fundxrank_one_fund:-2;singletxrank_one_fund:1;singletxrank_one_fund:3;singletxsinglet:-3,False
2|2,rank_one_fundxrank_one_fund:-2 + rank_one_fundxsinglet:1 + rank_one_fundxsinglet:3 + singletxadjoint:1 + singletxsinglet:-3,5|12|2|2,5,0,False,rank_one_fundxrank_one_fund:-2;rank_one_fundxsinglet:1;rank_one_fundxsinglet:3;singletxadjoint:1;singletxsinglet:-3,False
2|2,rank_one_fundxrank_one_fund:-2 + rank_one_fundxsinglet:1 + rank_one_fundxsinglet:3 + singletxsinglet:-3 + singletxsym2:1,5|12|2|2,5,0,False,rank_one_fundxrank_one_fund:-2;rank_one_fundxsinglet:1;rank_one_fundxsinglet:3;singletxsinglet:-3;singletxsym2:1,False
2|2,rank_one_fundxrank_one_fund:-2 + singletxrank_one_fund:1 + singletxrank_one_fund:3 + singletxsinglet:-3 + sym2xsinglet:1,5|12|2|2,5,0,False,rank_one_fundxrank_one_fund:-2;singletxrank_one_fund:1;singletxrank_one_fund:3;singletxsinglet:-3;sym2xsinglet:1,False
2|2,rank_one_fundxrank_one_fund:2 + rank_one_fundxsinglet:-1 + rank_one_fundxsinglet:-3 + singletxadjoint:-1 + singletxsinglet:3,5|12|2|2,5,0,False,rank_one_fundxrank_one_fund:2;rank_one_fundxsinglet:-3;rank_one_fundxsinglet:-1;singletxadjoint:-1;singletxsinglet:3,False
2|2,rank_one_fundxrank_one_fund:2 + rank_one_fundxsinglet:-1 + rank_one_fundxsinglet:-3 + singletxsinglet:3 + singletxsym2:-1,5|12|2|2,5,0,False,rank_one_fundxrank_one_fund:2;rank_one_fundxsinglet:-3;rank_one_fundxsinglet:-1;singletxsinglet:3;singletxsym2:-1,False
2|2,rank_one_fundxrank_one_fund:2 + singletxrank_one_fund:-1 + singletxrank_one_fund:-3 + singletxsinglet:3 + sym2xsinglet:-1,5|12|2|2,5,0,False,rank_one_fundxrank_one_fund:2;singletxrank_one_fund:-3;singletxrank_one_fund:-1;singletxsinglet:3;sym2xsinglet:-1,False
2|2,adjointxsinglet:-1 + adjointxsinglet:2 + rank_one_fundxrank_one_fund:-2 + singletxadjoint:1 + singletxsinglet:2,5|14|2|2,5,0,False,adjointxsinglet:-1;adjointxsinglet:2;rank_one_fundxrank_one_fund:-2;singletxadjoint:1;singletxsinglet:2,False
2|2,adjointxsinglet:-1 + adjointxsinglet:2 + rank_one_fundxrank_one_fund:-2 + singletxsinglet:2 + singletxsym2:1,5|14|2|2,5,0,False,adjointxsinglet:-1;adjointxsinglet:2;rank_one_fundxrank_one_fund:-2;singletxsinglet:2;singletxsym2:1,False
2|2,adjointxsinglet:-1 + rank_one_fundxrank_one_fund:-2 + singletxadjoint:1 + singletxsinglet:2 + sym2xsinglet:2,5|14|2|2,5,0,False,adjointxsinglet:-1;rank_one_fundxrank_one_fund:-2;singletxadjoint:1;singletxsinglet:2;sym2xsinglet:2,False
2|2,adjointxsinglet:-1 + rank_one_fundxrank_one_fund:-2 + singletxsinglet:2 + singletxsym2:1 + sym2xsinglet:2,5|14|2|2,5,0,False,adjointxsinglet:-1;rank_one_fundxrank_one_fund:-2;singletxsinglet:2;singletxsym2:1;sym2xsinglet:2,False
2|2,adjointxsinglet:-1 + rank_one_fundxrank_one_fund:2 + singletxadjoint:-2 + singletxadjoint:1 + singletxsinglet:-2,5|14|2|2,5,0,False,adjointxsinglet:-1;rank_one_fundxrank_one_fund:2;singletxadjoint:-2;singletxadjoint:1;singletxsinglet:-2,False
2|2,adjointxsinglet:-1 + rank_one_fundxrank_one_fund:2 + singletxadjoint:-2 + singletxsinglet:-2 + singletxsym2:1,5|14|2|2,5,0,False,adjointxsinglet:-1;rank_one_fundxrank_one_fund:2;singletxadjoint:-2;singletxsinglet:-2;singletxsym2:1,False
2|2,adjointxsinglet:-1 + rank_one_fundxrank_one_fund:2 + singletxadjoint:1 + singletxsinglet:-2 + singletxsym2:-2,5|14|2|2,5,0,False,adjointxsinglet:-1;rank_one_fundxrank_one_fund:2;singletxadjoint:1;singletxsinglet:-2;singletxsym2:-2,False
2|2,adjointxsinglet:-1 + rank_one_fundxrank_one_fund:2 + singletxsinglet:-2 + singletxsym2:-2 + singletxsym2:1,5|14|2|2,5,0,False,adjointxsinglet:-1;rank_one_fundxrank_one_fund:2;singletxsinglet:-2;singletxsym2:-2;singletxsym2:1,False
2|2,adjointxsinglet:-2 + adjointxsinglet:1 + rank_one_fundxrank_one_fund:2 + singletxadjoint:-1 + singletxsinglet:-2,5|14|2|2,5,0,False,adjointxsinglet:-2;adjointxsinglet:1;rank_one_fundxrank_one_fund:2;singletxadjoint:-1;singletxsinglet:-2,False
2|2,adjointxsinglet:-2 + adjointxsinglet:1 + rank_one_fundxrank_one_fund:2 + singletxsinglet:-2 + singletxsym2:-1,5|14|2|2,5,0,False,adjointxsinglet:-2;adjointxsinglet:1;rank_one_fundxrank_one_fund:2;singletxsinglet:-2;singletxsym2:-1,False
2|2,adjointxsinglet:-2 + rank_one_fundxrank_one_fund:2 + singletxadjoint:-1 + singletxsinglet:-2 + sym2xsinglet:1,5|14|2|2,5,0,False,adjointxsinglet:-2;rank_one_fundxrank_one_fund:2;singletxadjoint:-1;singletxsinglet:-2;sym2xsinglet:1,False
2|2,adjointxsinglet:-2 + rank_one_fundxrank_one_fund:2 + singletxsinglet:-2 + singletxsym2:-1 + sym2xsinglet:1,5|14|2|2,5,0,False,adjointxsinglet:-2;rank_one_fundxrank_one_fund:2;singletxsinglet:-2;singletxsym2:-1;sym2xsinglet:1,False
2|2,adjointxsinglet:1 + rank_one_fundxrank_one_fund:-2 + singletxadjoint:-1 + singletxadjoint:2 + singletxsinglet:2,5|14|2|2,5,0,False,adjointxsinglet:1;rank_one_fundxrank_one_fund:-2;singletxadjoint:-1;singletxadjoint:2;singletxsinglet:2,False
2|2,adjointxsinglet:1 + rank_one_fundxrank_one_fund:-2 + singletxadjoint:-1 + singletxsinglet:2 + singletxsym2:2,5|14|2|2,5,0,False,adjointxsinglet:1;rank_one_fundxrank_one_fund:-2;singletxadjoint:-1;singletxsinglet:2;singletxsym2:2,False
2|2,adjointxsinglet:1 + rank_one_fundxrank_one_fund:-2 + singletxadjoint:2 + singletxsinglet:2 + singletxsym2:-1,5|14|2|2,5,0,False,adjointxsinglet:1;rank_one_fundxrank_one_fund:-2;singletxadjoint:2;singletxsinglet:2;singletxsym2:-1,False
2|2,adjointxsinglet:1 + rank_one_fundxrank_one_fund:-2 + singletxsinglet:2 + singletxsym2:-1 + singletxsym2:2,5|14|2|2,5,0,False,adjointxsinglet:1;rank_one_fundxrank_one_fund:-2;singletxsinglet:2;singletxsym2:-1;singletxsym2:2,False
2|2,adjointxsinglet:1 + rank_one_fundxrank_one_fund:2 + singletxadjoint:-1 + singletxsinglet:-2 + sym2xsinglet:-2,5|14|2|2,5,0,False,adjointxsinglet:1;rank_one_fundxrank_one_fund:2;singletxadjoint:-1;singletxsinglet:-2;sym2xsinglet:-2,False
2|2,adjointxsinglet:1 + rank_one_fundxrank_one_fund:2 + singletxsinglet:-2 + singletxsym2:-1 + sym2xsinglet:-2,5|14|2|2,5,0,False,adjointxsinglet:1;rank_one_fundxrank_one_fund:2;singletxsinglet:-2;singletxsym2:-1;sym2xsinglet:-2,False
2|2,adjointxsinglet:2 + rank_one_fundxrank_one_fund:-2 + singletxadjoint:1 + singletxsinglet:2 + sym2xsinglet:-1,5|14|2|2,5,0,False,adjointxsinglet:2;rank_one_fundxrank_one_fund:-2;singletxadjoint:1;singletxsinglet:2;sym2xsinglet:-1,False
2|2,adjointxsinglet:2 + rank_one_fundxrank_one_fund:-2 + singletxsinglet:2 + singletxsym2:1 + sym2xsinglet:-1,5|14|2|2,5,0,False,adjointxsinglet:2;rank_one_fundxrank_one_fund:-2;singletxsinglet:2;singletxsym2:1;sym2xsinglet:-1,False
2|2,rank_one_fundxrank_one_fund:-2 + singletxadjoint:-1 + singletxadjoint:2 + singletxsinglet:2 + sym2xsinglet:1,5|14|2|2,5,0,False,rank_one_fundxrank_one_fund:-2;singletxadjoint:-1;singletxadjoint:2;singletxsinglet:2;sym2xsinglet:1,False
2|2,rank_one_fundxrank_one_fund:-2 + singletxadjoint:-1 + singletxsinglet:2 + singletxsym2:2 + sym2xsinglet:1,5|14|2|2,5,0,False,rank_one_fundxrank_one_fund:-2;singletxadjoint:-1;singletxsinglet:2;singletxsym2:2;sym2xsinglet:1,False
2|2,rank_one_fundxrank_one_fund:-2 + singletxadjoint:1 + singletxsinglet:2 + sym2xsinglet:-1 + sym2xsinglet:2,5|14|2|2,5,0,False,rank_one_fundxrank_one_fund:-2;singletxadjoint:1;singletxsinglet:2;sym2xsinglet:-1;sym2xsinglet:2,False
2|2,rank_one_fundxrank_one_fund:-2 + singletxadjoint:2 + singletxsinglet:2 + singletxsym2:-1 + sym2xsinglet:1,5|14|2|2,5,0,False,rank_one_fundxrank_one_fund:-2;singletxadjoint:2;singletxsinglet:2;singletxsym2:-1;sym2xsinglet:1,False
2|2,rank_one_fundxrank_one_fund:-2 + singletxsinglet:2 + singletxsym2:-1 + singletxsym2:2 + sym2xsinglet:1,5|14|2|2,5,0,False,rank_one_fundxrank_one_fund:-2;singletxsinglet:2;singletxsym2:-1;singletxsym2:2;sym2xsinglet:1,False
2|2,rank_one_fundxrank_one_fund:-2 + singletxsinglet:2 + singletxsym2:1 + sym2xsinglet:-1 + sym2xsinglet:2,5|14|2|2,5,0,False,rank_one_fundxrank_one_fund:-2;singletxsinglet:2;singletxsym2:1;sym2xsinglet:-1;sym2xsinglet:2,False
2|2,rank_one_fundxrank_one_fund:2 + singletxadjoint:-1 + singletxsinglet:-2 + sym2xsinglet:-2 + sym2xsinglet:1,5|14|2|2,5,0,False,rank_one_fundxrank_one_fund:2;singletxadjoint:-1;singletxsinglet:-2;sym2xsinglet:-2;sym2xsinglet:1,False
2|2,rank_one_fundxrank_one_fund:2 + singletxadjoint:-2 + singletxadjoint:1 + singletxsinglet:-2 + sym2xsinglet:-1,5|14|2|2,5,0,False,rank_one_fundxrank_one_fund:2;singletxadjoint:-2;singletxadjoint:1;singletxsinglet:-2;sym2xsinglet:-1,False
2|2,rank_one_fundxrank_one_fund:2 + singletxadjoint:-2 + singletxsinglet:-2 + singletxsym2:1 + sym2xsinglet:-1,5|14|2|2,5,0,False,rank_one_fundxrank_one_fund:2;singletxadjoint:-2;singletxsinglet:-2;singletxsym2:1;sym2xsinglet:-1,False
2|2,rank_one_fundxrank_one_fund:2 + singletxadjoint:1 + singletxsinglet:-2 + singletxsym2:-2 + sym2xsinglet:-1,5|14|2|2,5,0,False,rank_one_fundxrank_one_fund:2;singletxadjoint:1;singletxsinglet:-2;singletxsym2:-2;sym2xsinglet:-1,False
2|2,rank_one_fundxrank_one_fund:2 + singletxsinglet:-2 + singletxsym2:-1 + sym2xsinglet:-2 + sym2xsinglet:1,5|14|2|2,5,0,False,rank_one_fundxrank_one_fund:2;singletxsinglet:-2;singletxsym2:-1;sym2xsinglet:-2;sym2xsinglet:1,False
2|2,rank_one_fundxrank_one_fund:2 + singletxsinglet:-2 + singletxsym2:-2 + singletxsym2:1 + sym2xsinglet:-1,5|14|2|2,5,0,False,rank_one_fundxrank_one_fund:2;singletxsinglet:-2;singletxsym2:-2;singletxsym2:1;sym2xsinglet:-1,False
2|2,adjointxsinglet:-2 + rank_one_fundxrank_one_fund:1 + rank_one_fundxrank_one_fund:3 + singletxadjoint:-2 + singletxsinglet:-4,5|15|2|2,5,0,False,adjointxsinglet:-2;rank_one_fundxrank_one_fund:1;rank_one_fundxrank_one_fund:3;singletxadjoint:-2;singletxsinglet:-4,False
2|2,adjointxsinglet:-2 + rank_one_fundxrank_one_fund:1 + rank_one_fundxrank_one_fund:3 + singletxsinglet:-4 + singletxsym2:-2,5|15|2|2,5,0,False,adjointxsinglet:-2;rank_one_fundxrank_one_fund:1;rank_one_fundxrank_one_fund:3;singletxsinglet:-4;singletxsym2:-2,False
2|2,adjointxsinglet:2 + rank_one_fundxrank_one_fund:-1 + rank_one_fundxrank_one_fund:-3 + singletxadjoint:2 + singletxsinglet:4,5|15|2|2,5,0,False,adjointxsinglet:2;rank_one_fundxrank_one_fund:-3;rank_one_fundxrank_one_fund:-1;singletxadjoint:2;singletxsinglet:4,False
2|2,adjointxsinglet:2 + rank_one_fundxrank_one_fund:-1 + rank_one_fundxrank_one_fund:-3 + singletxsinglet:4 + singletxsym2:2,5|15|2|2,5,0,False,adjointxsinglet:2;rank_one_fundxrank_one_fund:-3;rank_one_fundxrank_one_fund:-1;singletxsinglet:4;singletxsym2:2,False
2|2,rank_one_fundxrank_one_fund:-1 + rank_one_fundxrank_one_fund:-3 + singletxadjoint:2 + singletxsinglet:4 + sym2xsinglet:2,5|15|2|2,5,0,False,rank_one_fundxrank_one_fund:-3;rank_one_fundxrank_one_fund:-1;singletxadjoint:2;singletxsinglet:4;sym2xsinglet:2,False
2|2,rank_one_fundxrank_one_fund:-1 + rank_one_fundxrank_one_fund:-3 + singletxsinglet:4 + singletxsym2:2 + sym2xsinglet:2,5|15|2|2,5,0,False,rank_one_fundxrank_one_fund:-3;rank_one_fundxrank_one_fund:-1;singletxsinglet:4;singletxsym2:2;sym2xsinglet:2,False
2|2,rank_one_fundxrank_one_fund:1 + rank_one_fundxrank_one_fund:3 + singletxadjoint:-2 + singletxsinglet:-4 + sym2xsinglet:-2,5|15|2|2,5,0,False,rank_one_fundxrank_one_fund:1;rank_one_fundxrank_one_fund:3;singletxadjoint:-2;singletxsinglet:-4;sym2xsinglet:-2,False
2|2,rank_one_fundxrank_one_fund:1 + rank_one_fundxrank_one_fund:3 + singletxsinglet:-4 + singletxsym2:-2 + sym2xsinglet:-2,5|15|2|2,5,0,False,rank_one_fundxrank_one_fund:1;rank_one_fundxrank_one_fund:3;singletxsinglet:-4;singletxsym2:-2;sym2xsinglet:-2,False
2|3,rank_one_fundxantifund:0 + rank_one_fundxsinglet:0 + singletxfund:-1 + singletxfund:1,4|14|3|2,3,3,True,rank_one_fundxantifund:0;singletxfund:-1;singletxfund:1,False
2|3,rank_one_fundxfund:0 + rank_one_fundxsinglet:0 + singletxantifund:-1 + singletxantifund:1,4|14|3|2,3,3,True,rank_one_fundxfund:0;singletxantifund:-1;singletxantifund:1,False
2|3,rank_one_fundxfund:0 + rank_one_fundxsinglet:0 + singletxantifund:-1 + singletxantisym2:1,4|14|3|2,3,3,True,rank_one_fundxfund:0;singletxantifund:-1;singletxantisym2:1,False
2|3,rank_one_fundxfund:0 + rank_one_fundxsinglet:0 + singletxantifund:1 + singletxantisym2:-1,4|14|3|2,3,3,True,rank_one_fundxfund:0;singletxantifund:1;singletxantisym2:-1,False
2|3,rank_one_fundxfund:0 + rank_one_fundxsinglet:0 + singletxantisym2:-1 + singletxantisym2:1,4|14|3|2,3,3,True,rank_one_fundxfund:0;singletxantisym2:-1;singletxantisym2:1,False
2|3,rank_one_fundxantifund:-1 + rank_one_fundxsinglet:3 + singletxfund:-2 + singletxfund:4 + singletxsinglet:-6,5|15|3|2,5,3,True,rank_one_fundxantifund:-1;rank_one_fundxsinglet:3;singletxfund:-2;singletxfund:4;singletxsinglet:-6,False
2|3,rank_one_fundxantifund:1 + rank_one_fundxsinglet:-3 + singletxfund:-4 + singletxfund:2 + singletxsinglet:6,5|15|3|2,5,3,True,rank_one_fundxantifund:1;rank_one_fundxsinglet:-3;singletxfund:-4;singletxfund:2;singletxsinglet:6,False
2|3,rank_one_fundxfund:-1 + rank_one_fundxsinglet:3 + singletxantifund:-2 + singletxantifund:4 + singletxsinglet:-6,5|15|3|2,5,3,True,rank_one_fundxfund:-1;rank_one_fundxsinglet:3;singletxantifund:-2;singletxantifund:4;singletxsinglet:-6,False
2|3,rank_one_fundxfund:-1 + rank_one_fundxsinglet:3 + singletxantifund:-2 + singletxantisym2:4 + singletxsinglet:-6,5|15|3|2,5,3,True,rank_one_fundxfund:-1;rank_one_fundxsinglet:3;singletxantifund:-2;singletxantisym2:4;singletxsinglet:-6,False
2|3,rank_one_fundxfund:-1 + rank_one_fundxsinglet:3 + singletxantifund:4 + singletxantisym2:-2 + singletxsinglet:-6,5|15|3|2,5,3,True,rank_one_fundxfund:-1;rank_one_fundxsinglet:3;singletxantifund:4;singletxantisym2:-2;singletxsinglet:-6,False
2|3,rank_one_fundxfund:-1 + rank_one_fundxsinglet:3 + singletxantisym2:-2 + singletxantisym2:4 + singletxsinglet:-6,5|15|3|2,5,3,True,rank_one_fundxfund:-1;rank_one_fundxsinglet:3;singletxantisym2:-2;singletxantisym2:4;singletxsinglet:-6,False
2|3,rank_one_fundxfund:1 + rank_one_fundxsinglet:-3 + singletxantifund:-4 + singletxantifund:2 + singletxsinglet:6,5|15|3|2,5,3,True,rank_one_fundxfund:1;rank_one_fundxsinglet:-3;singletxantifund:-4;singletxantifund:2;singletxsinglet:6,True
2|3,rank_one_fundxfund:1 + rank_one_fundxsinglet:-3 + singletxantifund:-4 + singletxantisym2:2 + singletxsinglet:6,5|15|3|2,5,3,True,rank_one_fundxfund:1;rank_one_fundxsinglet:-3;singletxantifund:-4;singletxantisym2:2;singletxsinglet:6,False
2|3,rank_one_fundxfund:1 + rank_one_fundxsinglet:-3 + singletxantifund:2 + singletxantisym2:-4 + singletxsinglet:6,5|15|3|2,5,3,True,rank_one_fundxfund:1;rank_one_fundxsinglet:-3;singletxantifund:2;singletxantisym2:-4;singletxsinglet:6,False
2|3,rank_one_fundxfund:1 + rank_one_fundxsinglet:-3 + singletxantisym2:-4 + singletxantisym2:2 + singletxsinglet:6,5|15|3|2,5,3,True,rank_one_fundxfund:1;rank_one_fundxsinglet:-3;singletxantisym2:-4;singletxantisym2:2;singletxsinglet:6,False
3,antifund:-1 + antifund:1 + fund:-2 + fund:2,4|12|2|1,4,4,True,antifund:-1;antifund:1;fund:-2;fund:2,False
3,antifund:-1 + antifund:1 + fund:-3 + fund:3,4|12|2|1,4,4,True,antifund:-1;antifund:1;fund:-3;fund:3,False
3,antifund:-1 + antifund:1 + fund:-4 + fund:4,4|12|2|1,4,4,True,antifund:-1;antifund:1;fund:-4;fund:4,False
3,antifund:-1 + antifund:1 + fund:-6 + fund:6,4|12|2|1,4,4,True,antifund:-1;antifund:1;fund:-6;fund:6,False
3,antifund:-1 + antisym2:1 + fund:-2 + fund:2,4|12|2|1,4,4,True,antifund:-1;antisym2:1;fund:-2;fund:2,False
3,antifund:-1 + antisym2:1 + fund:-3 + fund:3,4|12|2|1,4,4,True,antifund:-1;antisym2:1;fund:-3;fund:3,False
3,antifund:-1 + antisym2:1 + fund:-4 + fund:4,4|12|2|1,4,4,True,antifund:-1;antisym2:1;fund:-4;fund:4,False
3,antifund:-1 + antisym2:1 + fund:-6 + fund:6,4|12|2|1,4,4,True,antifund:-1;antisym2:1;fund:-6;fund:6,False
3,antifund:-2 + antifund:2 + fund:-1 + fund:1,4|12|2|1,4,4,True,antifund:-2;antifund:2;fund:-1;fund:1,False
3,antifund:-2 + antifund:2 + fund:-3 + fund:3,4|12|2|1,4,4,True,antifund:-2;antifund:2;fund:-3;fund:3,False
3,antifund:-2 + antisym2:2 + fund:-1 + fund:1,4|12|2|1,4,4,True,antifund:-2;antisym2:2;fund:-1;fund:1,False
3,antifund:-2 + antisym2:2 + fund:-3 + fund:3,4|12|2|1,4,4,True,antifund:-2;antisym2:2;fund:-3;fund:3,False
3,antifund:-3 + antifund:3 + fund:-1 + fund:1,4|12|2|1,4,4,True,antifund:-3;antifund:3;fund:-1;fund:1,False
3,antifund:-3 + antifund:3 + fund:-2 + fund:2,4|12|2|1,4,4,True,antifund:-3;antifund:3;fund:-2;fund:2,False
3,antifund:-3 + antifund:3 + fund:-4 + fund:4,4|12|2|1,4,4,True,antifund:-3;antifund:3;fund:-4;fund:4,False
3,antifund:-3 + antisym2:3 + fund:-1 + fund:1,4|12|2|1,4,4,True,antifund:-3;antisym2:3;fund:-1;fund:1,False
3,antifund:-3 + antisym2:3 + fund:-2 + fund:2,4|12|2|1,4,4,True,antifund:-3;antisym2:3;fund:-2;fund:2,False
3,antifund:-3 + antisym2:3 + fund:-4 + fund:4,4|12|2|1,4,4,True,antifund:-3;antisym2:3;fund:-4;fund:4,False
3,antifund:-4 + antifund:4 + fund:-1 + fund:1,4|12|2|1,4,4,True,antifund:-4;antifund:4;fund:-1;fund:1,False
3,antifund:-4 + antifund:4 + fund:-3 + fund:3,4|12|2|1,4,4,True,antifund:-4;antifund:4;fund:-3;fund:3,False
3,antifund:-4 + antisym2:4 + fund:-1 + fund:1,4|12|2|1,4,4,True,antifund:-4;antisym2:4;fund:-1;fund:1,False
3,antifund:-4 + antisym2:4 + fund:-3 + fund:3,4|12|2|1,4,4,True,antifund:-4;antisym2:4;fund:-3;fund:3,False
3,antifund:-6 + antifund:6 + fund:-1 + fund:1,4|12|2|1,4,4,True,antifund:-6;antifund:6;fund:-1;fund:1,False
3,antifund:-6 + antisym2:6 + fund:-1 + fund:1,4|12|2|1,4,4,True,antifund:-6;antisym2:6;fund:-1;fund:1,False
3,antifund:0 + antisym2:0 + fund:-1 + fund:1,4|12|2|1,4,4,True,antifund:0;antisym2:0;fund:-1;fund:1,False
3,antifund:1 + antisym2:-1 + fund:-2 + fund:2,4|12|2|1,4,4,True,antifund:1;antisym2:-1;fund:-2;fund:2,False
3,antifund:1 + antisym2:-1 + fund:-3 + fund:3,4|12|2|1,4,4,True,antifund:1;antisym2:-1;fund:-3;fund:3,False
3,antifund:1 + antisym2:-1 + fund:-4 + fund:4,4|12|2|1,4,4,True,antifund:1;antisym2:-1;fund:-4;fund:4,False
3,antifund:1 + antisym2:-1 + fund:-6 + fund:6,4|12|2|1,4,4,True,antifund:1;antisym2:-1;fund:-6;fund:6,False
3,antifund:2 + antisym2:-2 + fund:-1 + fund:1,4|12|2|1,4,4,True,antifund:2;antisym2:-2;fund:-1;fund:1,False
3,antifund:2 + antisym2:-2 + fund:-3 + fund:3,4|12|2|1,4,4,True,antifund:2;antisym2:-2;fund:-3;fund:3,False
3,antifund:3 + antisym2:-3 + fund:-1 + fund:1,4|12|2|1,4,4,True,antifund:3;antisym2:-3;fund:-1;fund:1,False
3,antifund:3 + antisym2:-3 + fund:-2 + fund:2,4|12|2|1,4,4,True,antifund:3;antisym2:-3;fund:-2;fund:2,False
3,antifund:3 + antisym2:-3 + fund:-4 + fund:4,4|12|2|1,4,4,True,antifund:3;antisym2:-3;fund:-4;fund:4,False
3,antifund:4 + antisym2:-4 + fund:-1 + fund:1,4|12|2|1,4,4,True,antifund:4;antisym2:-4;fund:-1;fund:1,False
3,antifund:4 + antisym2:-4 + fund:-3 + fund:3,4|12|2|1,4,4,True,antifund:4;antisym2:-4;fund:-3;fund:3,False
3,antifund:6 + antisym2:-6 + fund:-1 + fund:1,4|12|2|1,4,4,True,antifund:6;antisym2:-6;fund:-1;fund:1,False
3,antisym2:-1 + antisym2:1 + fund:-2 + fund:2,4|12|2|1,4,4,True,antisym2:-1;antisym2:1;fund:-2;fund:2,False
3,antisym2:-1 + antisym2:1 + fund:-3 + fund:3,4|12|2|1,4,4,True,antisym2:-1;antisym2:1;fund:-3;fund:3,False
3,antisym2:-1 + antisym2:1 + fund:-4 + fund:4,4|12|2|1,4,4,True,antisym2:-1;antisym2:1;fund:-4;fund:4,False
3,antisym2:-1 + antisym2:1 + fund:-6 + fund:6,4|12|2|1,4,4,True,antisym2:-1;antisym2:1;fund:-6;fund:6,False
3,antisym2:-2 + antisym2:2 + fund:-1 + fund:1,4|12|2|1,4,4,True,antisym2:-2;antisym2:2;fund:-1;fund:1,False
3,antisym2:-2 + antisym2:2 + fund:-3 + fund:3,4|12|2|1,4,4,True,antisym2:-2;antisym2:2;fund:-3;fund:3,False
3,antisym2:-3 + antisym2:3 + fund:-1 + fund:1,4|12|2|1,4,4,True,antisym2:-3;antisym2:3;fund:-1;fund:1,False
3,antisym2:-3 + antisym2:3 + fund:-2 + fund:2,4|12|2|1,4,4,True,antisym2:-3;antisym2:3;fund:-2;fund:2,False
3,antisym2:-3 + antisym2:3 + fund:-4 + fund:4,4|12|2|1,4,4,True,antisym2:-3;antisym2:3;fund:-4;fund:4,False
3,antisym2:-4 + antisym2:4 + fund:-1 + fund:1,4|12|2|1,4,4,True,antisym2:-4;antisym2:4;fund:-1;fund:1,False
3,antisym2:-4 + antisym2:4 + fund:-3 + fund:3,4|12|2|1,4,4,True,antisym2:-4;antisym2:4;fund:-3;fund:3,False
3,antisym2:-6 + antisym2:6 + fund:-1 + fund:1,4|12|2|1,4,4,True,antisym2:-6;antisym2:6;fund:-1;fund:1,False
4,antifund:-1 + antisym2:2 + fund:-3 + singlet:4,4|15|3|1,4,2,True,antifund:-1;antisym2:2;fund:-3;singlet:4,False
4,antifund:-3 + antisym2:2 + fund:-1 + singlet:4,4|15|3|1,4,2,True,antifund:-3;antisym2:2;fund:-1;singlet:4,False
4,antifund:1 + antisym2:-2 + fund:3 + singlet:-4,4|15|3|1,4,2,True,antifund:1;antisym2:-2;fund:3;singlet:-4,False
4,antifund:3 + antisym2:-2 + fund:1 + singlet:-4,4|15|3|1,4,2,True,antifund:3;antisym2:-2;fund:1;singlet:-4,False
4,antifund:-1 + antifund:1 + fund:-2 + fund:2,4|16|3|1,4,4,True,antifund:-1;antifund:1;fund:-2;fund:2,False
4,antifund:-1 + antifund:1 + fund:-3 + fund:3,4|16|3|1,4,4,True,antifund:-1;antifund:1;fund:-3;fund:3,False
4,antifund:-1 + antifund:1 + fund:-4 + fund:4,4|16|3|1,4,4,True,antifund:-1;antifund:1;fund:-4;fund:4,False
4,antifund:-1 + antifund:1 + fund:-6 + fund:6,4|16|3|1,4,4,True,antifund:-1;antifund:1;fund:-6;fund:6,False
4,antifund:-2 + antifund:2 + fund:-1 + fund:1,4|16|3|1,4,4,True,antifund:-2;antifund:2;fund:-1;fund:1,False
4,antifund:-2 + antifund:2 + fund:-3 + fund:3,4|16|3|1,4,4,True,antifund:-2;antifund:2;fund:-3;fund:3,False
4,antifund:-3 + antifund:3 + fund:-1 + fund:1,4|16|3|1,4,4,True,antifund:-3;antifund:3;fund:-1;fund:1,False
4,antifund:-3 + antifund:3 + fund:-2 + fund:2,4|16|3|1,4,4,True,antifund:-3;antifund:3;fund:-2;fund:2,False
4,antifund:-3 + antifund:3 + fund:-4 + fund:4,4|16|3|1,4,4,True,antifund:-3;antifund:3;fund:-4;fund:4,False
4,antifund:-4 + antifund:4 + fund:-1 + fund:1,4|16|3|1,4,4,True,antifund:-4;antifund:4;fund:-1;fund:1,False
4,antifund:-4 + antifund:4 + fund:-3 + fund:3,4|16|3|1,4,4,True,antifund:-4;antifund:4;fund:-3;fund:3,False
4,antifund:-6 + antifund:6 + fund:-1 + fund:1,4|16|3|1,4,4,True,antifund:-6;antifund:6;fund:-1;fund:1,False
