case_id,case_kind,tensor_kind,seed,bond_dim,region,region_legs,rho_A_eigenvalues_top8,entropy_S_A,min_cut_area,max_flow_value,area_minus_entropy_gap,bound_holds,saturation_ratio_S_over_area,strict_gap,min_cut_edges,min_cut_edge_count,competing_cut_capacity,competing_cut_strictly_larger,state_from_contraction
random_D2_seed101,holographic_random,random_gaussian,101,2,left_all,L0|L1|L2|L3,0.436969584292;0.254362841282;0.148038249156;0.0908852166184;0.0358543086143;0.0202809499887;0.0100206745481;0.00358817550158,1.47545512261,2.07944154168,2.07944154168,0.603986419069,True,0.709543929482,True,L->M0:0.69314718056;L->M1:0.69314718056;L->M2:0.69314718056,3,2.77258872224,True,True
random_D2_seed202,holographic_random,random_gaussian,202,2,left_all,L0|L1|L2|L3,0.404745758667;0.273750098057;0.13619379512;0.0904606618881;0.0441555163155;0.0269792658991;0.016414402053;0.00730050200013,1.54824212437,2.07944154168,2.07944154168,0.531199417308,True,0.744547078309,True,L->M0:0.69314718056;L->M1:0.69314718056;L->M2:0.69314718056,3,2.77258872224,True,True
random_D2_seed303,holographic_random,random_gaussian,303,2,left_all,L0|L1|L2|L3,0.427448732042;0.280333897469;0.111277022276;0.0715223103923;0.0496684366746;0.0433962412924;0.0100090689806;0.00634429087303,1.51627338316,2.07944154168,2.07944154168,0.563168158517,True,0.729173363507,True,L->M0:0.69314718056;L->M1:0.69314718056;L->M2:0.69314718056,3,2.77258872224,True,True
random_D2_seed404,holographic_random,random_gaussian,404,2,left_all,L0|L1|L2|L3,0.418260197492;0.190580409874;0.140232190733;0.109229267161;0.0601052347434;0.0400245605525;0.0306939733755;0.0108741660696,1.65174490975,2.07944154168,2.07944154168,0.42769663193,True,0.794321396703,True,L->M0:0.69314718056;L->M1:0.69314718056;L->M2:0.69314718056,3,2.77258872224,True,True
random_D2_seed505,holographic_random,random_gaussian,505,2,left_all,L0|L1|L2|L3,0.422455348758;0.334950058621;0.127864684529;0.0473500009775;0.0369645572874;0.0194232414979;0.00856598325851;0.00242612507144,1.39163026327,2.07944154168,2.07944154168,0.68781127841,True,0.66923269319,True,L->M0:0.69314718056;L->M1:0.69314718056;L->M2:0.69314718056,3,2.77258872224,True,True
random_D3_seed101,holographic_random,random_gaussian,101,3,left_all,L0|L1|L2|L3,0.115946967209;0.092823611269;0.0877766874133;0.0750224032324;0.0705721286545;0.0697838324513;0.0565696612295;0.0501572640446,2.98306859936,3.295836866,3.295836866,0.312768266648,True,0.905102018284,True,L->M0:1.09861228867;L->M1:1.09861228867;L->M2:1.09861228867,3,4.39444915467,True,True
random_D3_seed202,holographic_random,random_gaussian,202,3,left_all,L0|L1|L2|L3,0.117733216526;0.103084546645;0.0903005555447;0.0787246495788;0.066140128016;0.0572593742619;0.0495175552085;0.046888806921,2.97906169659,3.295836866,3.295836866,0.316775169412,True,0.903886271593,True,L->M0:1.09861228867;L->M1:1.09861228867;L->M2:1.09861228867,3,4.39444915467,True,True
random_D3_seed303,holographic_random,random_gaussian,303,3,left_all,L0|L1|L2|L3,0.11762487343;0.0926141260609;0.084760661661;0.076478566854;0.0689457283012;0.0613058093893;0.0547781834495;0.0506913004533,2.99040583335,3.295836866,3.295836866,0.305431032649,True,0.907328231018,True,L->M0:1.09861228867;L->M1:1.09861228867;L->M2:1.09861228867,3,4.39444915467,True,True
random_D3_seed404,holographic_random,random_gaussian,404,3,left_all,L0|L1|L2|L3,0.122375615665;0.0920074865079;0.0861073230121;0.0803129858142;0.0695104831254;0.0613250165033;0.0609691016346;0.0523658159547,2.96261259221,3.295836866,3.295836866,0.333224273796,True,0.898895398242,True,L->M0:1.09861228867;L->M1:1.09861228867;L->M2:1.09861228867,3,4.39444915467,True,True
random_D3_seed505,holographic_random,random_gaussian,505,3,left_all,L0|L1|L2|L3,0.117516154229;0.0962312763567;0.092103233399;0.0796280980996;0.0659540062175;0.0613223136852;0.0562740902633;0.0500836095307,2.97433685551,3.295836866,3.295836866,0.321500010496,True,0.902452693028,True,L->M0:1.09861228867;L->M1:1.09861228867;L->M2:1.09861228867,3,4.39444915467,True,True
random_D4_seed101,holographic_random,random_gaussian,101,4,left_all,L0|L1|L2|L3,0.0447849174761;0.0437695564509;0.0392159995159;0.0379673804247;0.0366274935602;0.0359972747018;0.0325907862146;0.0313674147271,3.9124770805,4.15888308336,4.15888308336,0.246406002856,True,0.940751880272,True,L->M0:1.38629436112;L->M1:1.38629436112;L->M2:1.38629436112,3,5.54517744448,True,True
random_D4_seed202,holographic_random,random_gaussian,202,4,left_all,L0|L1|L2|L3,0.0459419744096;0.0437785899835;0.0398054335152;0.0378383891501;0.0358083094303;0.0340817227391;0.0332007143162;0.0310636291262,3.91451095028,4.15888308336,4.15888308336,0.244372133082,True,0.941240922579,True,L->M0:1.38629436112;L->M1:1.38629436112;L->M2:1.38629436112,3,5.54517744448,True,True
random_D4_seed303,holographic_random,random_gaussian,303,4,left_all,L0|L1|L2|L3,0.0465967691545;0.0408996618946;0.0393686132283;0.0387749007199;0.0350137615478;0.0347934562777;0.0335811208783;0.0314994864081,3.91291917815,4.15888308336,4.15888308336,0.245963905214,True,0.940858182285,True,L->M0:1.38629436112;L->M1:1.38629436112;L->M2:1.38629436112,3,5.54517744448,True,True
random_D4_seed404,holographic_random,random_gaussian,404,4,left_all,L0|L1|L2|L3,0.0496347985464;0.0474195218597;0.0411494153151;0.0369098282781;0.0356871583036;0.0349373777624;0.0310182829467;0.0300611284155,3.90952550246,4.15888308336,4.15888308336,0.249357580904,True,0.94004217577,True,L->M0:1.38629436112;L->M1:1.38629436112;L->M2:1.38629436112,3,5.54517744448,True,True
random_D4_seed505,holographic_random,random_gaussian,505,4,left_all,L0|L1|L2|L3,0.0463356616107;0.0411184111629;0.0396795916006;0.0383030375765;0.0369416557733;0.0341870312005;0.0326741968245;0.0318064364724,3.90917560569,4.15888308336,4.15888308336,0.249707477668,True,0.939958043382,True,L->M0:1.38629436112;L->M1:1.38629436112;L->M2:1.38629436112,3,5.54517744448,True,True
product_control_D3,control_product,product,,3,left_all,L0|L1|L2|L3,1,-0,3.295836866,3.295836866,3.295836866,True,-0,True,L->M0:1.09861228867;L->M1:1.09861228867;L->M2:1.09861228867,3,4.39444915467,True,True
weighted_degenerate_control_D3,control_weighted_degenerate,weighted_degenerate,,3,left_all,L0|L1|L2|L3,0.642857142857;0.285714285714;0.0714285714286,0.830471712436,3.295836866,3.295836866,2.46536515357,True,0.251975976421,True,L->M0:1.09861228867;L->M1:1.09861228867;L->M2:1.09861228867,3,4.39444915467,True,True
different_region_left_pair_D3_seed101,holographic_random,random_gaussian,101,3,left_pair,L0|L1,0.152994419516;0.149309761178;0.137763754664;0.113650294421;0.110342641376;0.0980658190745;0.0863392636905;0.0800227623089,2.16454821864,2.19722457734,2.19722457734,0.0326763587012,True,0.985128348263,True,L0->L:1.09861228867;L1->L:1.09861228867,2,2.19722457734,False,True
