artifact,claim,grade,source
steps/step52_mode_b_clean_separation_minimality_artifacts/clean_separation_minimality_step52.py,build script for clean-separation minimality computation,organizational,steps/step52_mode_b_clean_separation_minimality_artifacts/clean_separation_minimality_step52.py
steps/step52_mode_b_clean_separation_minimality_artifacts/per_support_predicates_step52.csv,per-support predicate values,finite-carrier-diagnostic,steps/step52_mode_b_clean_separation_minimality_artifacts/per_support_predicates_step52.csv
steps/step52_mode_b_clean_separation_minimality_artifacts/predicate_survivor_counts_step52.csv,survivor counts under base/variant/clean predicates,finite-carrier-diagnostic,steps/step52_mode_b_clean_separation_minimality_artifacts/predicate_survivor_counts_step52.csv
steps/step52_mode_b_clean_separation_minimality_artifacts/logical_strength_ordering_step52.csv,predicate implication and extensional ordering table,organizational,steps/step52_mode_b_clean_separation_minimality_artifacts/logical_strength_ordering_step52.csv
steps/step52_mode_b_clean_separation_minimality_artifacts/witness_identity_step52.csv,Step41/45 witness identity asserted on carrier,finite-carrier-diagnostic,steps/step52_mode_b_clean_separation_minimality_artifacts/witness_identity_step52.csv
steps/step52_mode_b_clean_separation_minimality_artifacts/step52_schema.json,machine-readable Step52 verdict,finite-carrier-diagnostic,steps/step52_mode_b_clean_separation_minimality_artifacts/step52_schema.json
steps/step52_mode_b_clean_separation_minimality_artifacts/step52_results_summary.md,Step52 summary with caveats,organizational,steps/step52_mode_b_clean_separation_minimality_artifacts/step52_results_summary.md
steps/step52_mode_b_clean_separation_minimality_artifacts/nonclaim_boundary_step52.md,Step52 nonclaim boundary,organizational,steps/step52_mode_b_clean_separation_minimality_artifacts/nonclaim_boundary_step52.md
steps/step52_mode_b_clean_separation_minimality_artifacts/step52_statement.tex,minimality statement on declared carrier,finite-carrier-diagnostic,steps/step52_mode_b_clean_separation_minimality_artifacts/step52_statement.tex
steps/step52_mode_b_clean_separation_minimality_artifacts/generated_vs_input_step52.csv,generated-vs-input record,organizational,steps/step52_mode_b_clean_separation_minimality_artifacts/generated_vs_input_step52.csv
steps/step52_mode_b_clean_separation_minimality_artifacts/negative_controls_step52.csv,negative controls,finite-carrier-diagnostic,steps/step52_mode_b_clean_separation_minimality_artifacts/negative_controls_step52.csv
steps/step52_mode_b_clean_separation_minimality_artifacts/six_gate_audit_step52.csv,six-gate audit,organizational,steps/step52_mode_b_clean_separation_minimality_artifacts/six_gate_audit_step52.csv
steps/step52_mode_b_clean_separation_minimality_artifacts/run_step52.py,self-contained validator,organizational,steps/step52_mode_b_clean_separation_minimality_artifacts/run_step52.py
