case_id,bond_dim,region,region_legs,min_cut_entropy,cut_edges
mincut_D2,2,A,L0,0.69314718056,L0->L:0.69314718056
mincut_D2,2,B,L1,0.69314718056,L1->L:0.69314718056
mincut_D2,2,C,R0,0.69314718056,R0->R:0.69314718056
mincut_D2,2,AB,L0|L1,1.38629436112,L0->L:0.69314718056;L1->L:0.69314718056
mincut_D2,2,AC,L0|R0,1.38629436112,L0->L:0.69314718056;R0->R:0.69314718056
mincut_D2,2,BC,L1|R0,1.38629436112,L1->L:0.69314718056;R0->R:0.69314718056
mincut_D2,2,ABC,L0|L1|R0,2.07944154168,L0->L:0.69314718056;L1->L:0.69314718056;R0->R:0.69314718056
mincut_D3,3,A,L0,1.09861228867,L0->L:1.09861228867
mincut_D3,3,B,L1,1.09861228867,L1->L:1.09861228867
mincut_D3,3,C,R0,1.09861228867,R0->R:1.09861228867
mincut_D3,3,AB,L0|L1,2.19722457734,L0->L:1.09861228867;L1->L:1.09861228867
mincut_D3,3,AC,L0|R0,2.19722457734,L0->L:1.09861228867;R0->R:1.09861228867
mincut_D3,3,BC,L1|R0,2.19722457734,L1->L:1.09861228867;R0->R:1.09861228867
mincut_D3,3,ABC,L0|L1|R0,3.295836866,L0->L:1.09861228867;L1->L:1.09861228867;R0->R:1.09861228867
mincut_D4,4,A,L0,1.38629436112,L0->L:1.38629436112
mincut_D4,4,B,L1,1.38629436112,L1->L:1.38629436112
mincut_D4,4,C,R0,1.38629436112,R0->R:1.38629436112
mincut_D4,4,AB,L0|L1,2.77258872224,L0->L:1.38629436112;L1->L:1.38629436112
mincut_D4,4,AC,L0|R0,2.77258872224,L0->L:1.38629436112;R0->R:1.38629436112
mincut_D4,4,BC,L1|R0,2.77258872224,L1->L:1.38629436112;R0->R:1.38629436112
mincut_D4,4,ABC,L0|L1|R0,4.15888308336,L0->L:1.38629436112;L1->L:1.38629436112;R0->R:1.38629436112
