stage,dimensions,population
neutral_carrier,2,435896
neutral_carrier,2|2,12103013
neutral_carrier,2|3,87541244
neutral_carrier,2|4,12103013
neutral_carrier,3,5006385
neutral_carrier,3|3,87541244
neutral_carrier,3|4,49177127
neutral_carrier,4,1712303
neutral_carrier,4|4,25621595
genuinely_chiral,2,0
genuinely_chiral,2|2,26
genuinely_chiral,2|3,208
genuinely_chiral,2|4,120
genuinely_chiral,3,60
genuinely_chiral,3|3,120
genuinely_chiral,3|4,206
genuinely_chiral,4,86
genuinely_chiral,4|4,240
atomic_packaging,2,0
atomic_packaging,2|2,12
atomic_packaging,2|3,20
atomic_packaging,2|4,0
atomic_packaging,3,28
atomic_packaging,3|3,0
atomic_packaging,3|4,0
atomic_packaging,4,24
atomic_packaging,4|4,0
closure_consistency,2,0
closure_consistency,2|2,10
closure_consistency,2|3,6
closure_consistency,2|4,0
closure_consistency,3,28
closure_consistency,3|3,0
closure_consistency,3|4,0
closure_consistency,4,18
closure_consistency,4|4,0
chirality_faithfulness,2,0
chirality_faithfulness,2|2,0
chirality_faithfulness,2|3,6
chirality_faithfulness,2|4,0
chirality_faithfulness,3,28
chirality_faithfulness,3|3,0
chirality_faithfulness,3|4,0
chirality_faithfulness,4,18
chirality_faithfulness,4|4,0
higher_layer_mass_closure_proxy,2,0
higher_layer_mass_closure_proxy,2|2,0
higher_layer_mass_closure_proxy,2|3,4
higher_layer_mass_closure_proxy,2|4,0
higher_layer_mass_closure_proxy,3,0
higher_layer_mass_closure_proxy,3|3,0
higher_layer_mass_closure_proxy,3|4,0
higher_layer_mass_closure_proxy,4,4
higher_layer_mass_closure_proxy,4|4,0
clean_separation,2,0
clean_separation,2|2,0
clean_separation,2|3,4
clean_separation,2|4,0
clean_separation,3,0
clean_separation,3|3,0
clean_separation,3|4,0
clean_separation,4,0
clean_separation,4|4,0
