dimensions,structure_id,support_key,scalar_branch,representative_scalar,conjugate_scalar,active_factor_indices,active_factors,mass_completable,breaks_u1,confining_subgroups,coset_count,delta_pair_count,delta_empty,clean_or_breaking,structure_universal_clean,structure_existential_clean,carrier_orbit_id,branch_orbit_id
2|3,2|3::fundxantifund:-1 + fundxsinglet:3 + singletxfund:-2 + singletxfund:4 + singletxsinglet:-6,fundxantifund:-1 + fundxsinglet:3 + singletxfund:-2 + singletxfund:4 + singletxsinglet:-6,fundxsinglet:-3 <> fundxsinglet:3,fundxsinglet:-3,fundxsinglet:3,0,SU(2),True,True,3,0,0,True,clean,False,True,2|3::fundxantifund:-1 + fundxsinglet:3 + singletxfund:-2 + singletxfund:4 + singletxsinglet:-6,2|3::fundxantifund:-1 + fundxsinglet:3 + singletxfund:-2 + singletxfund:4 + singletxsinglet:-6::fundxsinglet:-3 <> fundxsinglet:3
2|3,2|3::fundxantifund:-1 + fundxsinglet:3 + singletxfund:-2 + singletxfund:4 + singletxsinglet:-6,fundxantifund:-1 + fundxsinglet:3 + singletxfund:-2 + singletxfund:4 + singletxsinglet:-6,singletxantifund:2 <> singletxfund:-2,singletxantifund:2,singletxfund:-2,1,SU(3),True,True,2|2,4,12,False,breaking,False,True,2|3::fundxantifund:-1 + fundxsinglet:3 + singletxfund:-2 + singletxfund:4 + singletxsinglet:-6,2|3::fundxantifund:-1 + fundxsinglet:3 + singletxfund:-2 + singletxfund:4 + singletxsinglet:-6::singletxantifund:2 <> singletxfund:-2
2|3,2|3::fundxantifund:1 + fundxsinglet:-3 + singletxfund:-4 + singletxfund:2 + singletxsinglet:6,fundxantifund:1 + fundxsinglet:-3 + singletxfund:-4 + singletxfund:2 + singletxsinglet:6,fundxsinglet:-3 <> fundxsinglet:3,fundxsinglet:-3,fundxsinglet:3,0,SU(2),True,True,3,0,0,True,clean,False,True,2|3::fundxantifund:-1 + fundxsinglet:3 + singletxfund:-2 + singletxfund:4 + singletxsinglet:-6,2|3::fundxantifund:-1 + fundxsinglet:3 + singletxfund:-2 + singletxfund:4 + singletxsinglet:-6::fundxsinglet:-3 <> fundxsinglet:3
2|3,2|3::fundxantifund:1 + fundxsinglet:-3 + singletxfund:-4 + singletxfund:2 + singletxsinglet:6,fundxantifund:1 + fundxsinglet:-3 + singletxfund:-4 + singletxfund:2 + singletxsinglet:6,singletxantifund:-2 <> singletxfund:2,singletxantifund:-2,singletxfund:2,1,SU(3),True,True,2|2,4,12,False,breaking,False,True,2|3::fundxantifund:-1 + fundxsinglet:3 + singletxfund:-2 + singletxfund:4 + singletxsinglet:-6,2|3::fundxantifund:-1 + fundxsinglet:3 + singletxfund:-2 + singletxfund:4 + singletxsinglet:-6::singletxantifund:2 <> singletxfund:-2
2|3,2|3::fundxfund:-1 + fundxsinglet:3 + singletxantifund:-2 + singletxantifund:4 + singletxsinglet:-6,fundxfund:-1 + fundxsinglet:3 + singletxantifund:-2 + singletxantifund:4 + singletxsinglet:-6,fundxsinglet:-3 <> fundxsinglet:3,fundxsinglet:-3,fundxsinglet:3,0,SU(2),True,True,3,0,0,True,clean,False,True,2|3::fundxantifund:-1 + fundxsinglet:3 + singletxfund:-2 + singletxfund:4 + singletxsinglet:-6,2|3::fundxantifund:-1 + fundxsinglet:3 + singletxfund:-2 + singletxfund:4 + singletxsinglet:-6::fundxsinglet:-3 <> fundxsinglet:3
2|3,2|3::fundxfund:-1 + fundxsinglet:3 + singletxantifund:-2 + singletxantifund:4 + singletxsinglet:-6,fundxfund:-1 + fundxsinglet:3 + singletxantifund:-2 + singletxantifund:4 + singletxsinglet:-6,singletxantifund:-2 <> singletxfund:2,singletxantifund:-2,singletxfund:2,1,SU(3),True,True,2|2,4,12,False,breaking,False,True,2|3::fundxantifund:-1 + fundxsinglet:3 + singletxfund:-2 + singletxfund:4 + singletxsinglet:-6,2|3::fundxantifund:-1 + fundxsinglet:3 + singletxfund:-2 + singletxfund:4 + singletxsinglet:-6::singletxantifund:2 <> singletxfund:-2
2|3,2|3::fundxfund:1 + fundxsinglet:-3 + singletxantifund:-4 + singletxantifund:2 + singletxsinglet:6,fundxfund:1 + fundxsinglet:-3 + singletxantifund:-4 + singletxantifund:2 + singletxsinglet:6,fundxsinglet:-3 <> fundxsinglet:3,fundxsinglet:-3,fundxsinglet:3,0,SU(2),True,True,3,0,0,True,clean,False,True,2|3::fundxantifund:-1 + fundxsinglet:3 + singletxfund:-2 + singletxfund:4 + singletxsinglet:-6,2|3::fundxantifund:-1 + fundxsinglet:3 + singletxfund:-2 + singletxfund:4 + singletxsinglet:-6::fundxsinglet:-3 <> fundxsinglet:3
2|3,2|3::fundxfund:1 + fundxsinglet:-3 + singletxantifund:-4 + singletxantifund:2 + singletxsinglet:6,fundxfund:1 + fundxsinglet:-3 + singletxantifund:-4 + singletxantifund:2 + singletxsinglet:6,singletxantifund:2 <> singletxfund:-2,singletxantifund:2,singletxfund:-2,1,SU(3),True,True,2|2,4,12,False,breaking,False,True,2|3::fundxantifund:-1 + fundxsinglet:3 + singletxfund:-2 + singletxfund:4 + singletxsinglet:-6,2|3::fundxantifund:-1 + fundxsinglet:3 + singletxfund:-2 + singletxfund:4 + singletxsinglet:-6::singletxantifund:2 <> singletxfund:-2
4,4::antifund:-1 + antisym2:2 + fund:-3 + singlet:4,antifund:-1 + antisym2:2 + fund:-3 + singlet:4,antifund:-1 <> fund:1,antifund:-1,fund:1,0,SU(4),True,True,3,6,48,False,breaking,False,False,4::antifund:-1 + antisym2:2 + fund:-3 + singlet:4,4::antifund:-1 + antisym2:2 + fund:-3 + singlet:4::antifund:-1 <> fund:1
4,4::antifund:-3 + antisym2:2 + fund:-1 + singlet:4,antifund:-3 + antisym2:2 + fund:-1 + singlet:4,antifund:1 <> fund:-1,antifund:1,fund:-1,0,SU(4),True,True,3,6,48,False,breaking,False,False,4::antifund:-1 + antisym2:2 + fund:-3 + singlet:4,4::antifund:-1 + antisym2:2 + fund:-3 + singlet:4::antifund:-1 <> fund:1
4,4::antifund:1 + antisym2:-2 + fund:3 + singlet:-4,antifund:1 + antisym2:-2 + fund:3 + singlet:-4,antifund:1 <> fund:-1,antifund:1,fund:-1,0,SU(4),True,True,3,6,48,False,breaking,False,False,4::antifund:-1 + antisym2:2 + fund:-3 + singlet:4,4::antifund:-1 + antisym2:2 + fund:-3 + singlet:4::antifund:-1 <> fund:1
4,4::antifund:3 + antisym2:-2 + fund:1 + singlet:-4,antifund:3 + antisym2:-2 + fund:1 + singlet:-4,antifund:-1 <> fund:1,antifund:-1,fund:1,0,SU(4),True,True,3,6,48,False,breaking,False,False,4::antifund:-1 + antisym2:2 + fund:-3 + singlet:4,4::antifund:-1 + antisym2:2 + fund:-3 + singlet:4::antifund:-1 <> fund:1
