case,child,state_i,state_j,child_gap,parent_gap
L_common_refinement,QM,0,1,0.0,1.0
L_common_refinement,QM,2,3,0.0,1.0
L_common_refinement,QM,4,5,0.0,1.0
L_common_refinement,QM,6,7,0.0,1.0
L_common_refinement,QM,8,9,0.0,1.0
L_common_refinement,QM,10,11,0.0,1.0
L_common_refinement,QM,12,13,0.0,1.0
L_common_refinement,QM,14,15,0.0,1.0
L_common_refinement,GR,0,4,0.0,1.0
L_common_refinement,GR,1,5,0.0,1.0
L_common_refinement,GR,2,6,0.0,1.0
L_common_refinement,GR,3,7,0.0,1.0
L_common_refinement,GR,8,12,0.0,1.0
L_common_refinement,GR,9,13,0.0,1.0
L_common_refinement,GR,10,14,0.0,1.0
L_common_refinement,GR,11,15,0.0,1.0
status_conflict_control,QM,0,1,0.0,1.0
status_conflict_control,QM,2,3,0.0,1.0
status_conflict_control,QM,4,5,0.0,1.0
status_conflict_control,QM,6,7,0.0,1.0
status_conflict_control,QM,8,9,0.0,1.0
status_conflict_control,QM,10,11,0.0,1.0
status_conflict_control,QM,12,13,0.0,1.0
status_conflict_control,QM,14,15,0.0,1.0
status_conflict_control,GR,0,4,0.0,1.0
status_conflict_control,GR,1,5,0.0,1.0
status_conflict_control,GR,2,6,0.0,1.0
status_conflict_control,GR,3,7,0.0,1.0
status_conflict_control,GR,8,12,0.0,1.0
status_conflict_control,GR,9,13,0.0,1.0
status_conflict_control,GR,10,14,0.0,1.0
status_conflict_control,GR,11,15,0.0,1.0
