N,channel,scalar_orientation,generation_coefficient_count,component_pair_count,color_multiplicity
1,fund_fund_1__singlet_antifund_2,phi,1,3,3
1,fund_fund_1__singlet_antifund_4,phi_dagger,1,3,3
1,fund_singlet_3__singlet_singlet_6,phi,1,1,1
2,fund_fund_1__singlet_antifund_2,phi,4,12,3
2,fund_fund_1__singlet_antifund_4,phi_dagger,4,12,3
2,fund_singlet_3__singlet_singlet_6,phi,4,4,1
3,fund_fund_1__singlet_antifund_2,phi,9,27,3
3,fund_fund_1__singlet_antifund_4,phi_dagger,9,27,3
3,fund_singlet_3__singlet_singlet_6,phi,9,9,1
4,fund_fund_1__singlet_antifund_2,phi,16,48,3
4,fund_fund_1__singlet_antifund_4,phi_dagger,16,48,3
4,fund_singlet_3__singlet_singlet_6,phi,16,16,1
