orbit_id,orbit_rank,orbit_key,member_count,member_labels,multiplet_count,weyl_component_count,raw_realizations,contains_published_reference,strongest_conjunction_passes
Q01,1,"(3,1)_-1 + (3,1)_1 + (3bar,1)_-1/6 + (3bar,1)_1/6",2,"(3,1)_-1 + (3,1)_1 + (3bar,1)_-1/6 + (3bar,1)_1/6 | (3,1)_-1/6 + (3,1)_1/6 + (3bar,1)_-1 + (3bar,1)_1",4,12,4,False,False
Q02,2,"(3,1)_-4/6 + (3,1)_4/6 + (3bar,1)_-3/6 + (3bar,1)_3/6",2,"(3,1)_-4/6 + (3,1)_4/6 + (3bar,1)_-3/6 + (3bar,1)_3/6 | (3,1)_-3/6 + (3,1)_3/6 + (3bar,1)_-4/6 + (3bar,1)_4/6",4,12,4,False,False
Q03,3,"(3,1)_-4/6 + (3,1)_4/6 + (3bar,1)_-1/6 + (3bar,1)_1/6",2,"(3,1)_-4/6 + (3,1)_4/6 + (3bar,1)_-1/6 + (3bar,1)_1/6 | (3,1)_-1/6 + (3,1)_1/6 + (3bar,1)_-4/6 + (3bar,1)_4/6",4,12,4,False,False
Q04,4,"(3,1)_-3/6 + (3,1)_3/6 + (3bar,1)_-2/6 + (3bar,1)_2/6",2,"(3,1)_-3/6 + (3,1)_3/6 + (3bar,1)_-2/6 + (3bar,1)_2/6 | (3,1)_-2/6 + (3,1)_2/6 + (3bar,1)_-3/6 + (3bar,1)_3/6",4,12,8,False,False
Q05,5,"(3,1)_-3/6 + (3,1)_3/6 + (3bar,1)_-1/6 + (3bar,1)_1/6",2,"(3,1)_-3/6 + (3,1)_3/6 + (3bar,1)_-1/6 + (3bar,1)_1/6 | (3,1)_-1/6 + (3,1)_1/6 + (3bar,1)_-3/6 + (3bar,1)_3/6",4,12,8,False,False
Q06,6,"(3,1)_-2/6 + (3,1)_2/6 + (3bar,1)_-1/6 + (3bar,1)_1/6",2,"(3,1)_-2/6 + (3,1)_2/6 + (3bar,1)_-1/6 + (3bar,1)_1/6 | (3,1)_-1/6 + (3,1)_1/6 + (3bar,1)_-2/6 + (3bar,1)_2/6",4,12,12,False,False
Q07,7,"(1,2)_0 + (3,1)_-1/6 + (3,1)_1/6 + (3bar,2)_0",2,"(1,2)_0 + (3,1)_-1/6 + (3,1)_1/6 + (3bar,2)_0 | (1,2)_0 + (3,2)_0 + (3bar,1)_-1/6 + (3bar,1)_1/6",4,14,20,False,False
Q08,8,"(3,2)_-1 + (3,2)_1 + (3bar,2)_-1/6 + (3bar,2)_1/6",2,"(3,2)_-1 + (3,2)_1 + (3bar,2)_-1/6 + (3bar,2)_1/6 | (3,2)_-1/6 + (3,2)_1/6 + (3bar,2)_-1 + (3bar,2)_1",4,24,4,False,False
Q09,9,"(3,2)_-4/6 + (3,2)_4/6 + (3bar,2)_-3/6 + (3bar,2)_3/6",2,"(3,2)_-4/6 + (3,2)_4/6 + (3bar,2)_-3/6 + (3bar,2)_3/6 | (3,2)_-3/6 + (3,2)_3/6 + (3bar,2)_-4/6 + (3bar,2)_4/6",4,24,4,False,False
Q10,10,"(3,2)_-4/6 + (3,2)_4/6 + (3bar,2)_-1/6 + (3bar,2)_1/6",2,"(3,2)_-4/6 + (3,2)_4/6 + (3bar,2)_-1/6 + (3bar,2)_1/6 | (3,2)_-1/6 + (3,2)_1/6 + (3bar,2)_-4/6 + (3bar,2)_4/6",4,24,4,False,False
Q11,11,"(3,2)_-3/6 + (3,2)_3/6 + (3bar,2)_-2/6 + (3bar,2)_2/6",2,"(3,2)_-3/6 + (3,2)_3/6 + (3bar,2)_-2/6 + (3bar,2)_2/6 | (3,2)_-2/6 + (3,2)_2/6 + (3bar,2)_-3/6 + (3bar,2)_3/6",4,24,8,False,False
Q12,12,"(3,2)_-3/6 + (3,2)_3/6 + (3bar,2)_-1/6 + (3bar,2)_1/6",2,"(3,2)_-3/6 + (3,2)_3/6 + (3bar,2)_-1/6 + (3bar,2)_1/6 | (3,2)_-1/6 + (3,2)_1/6 + (3bar,2)_-3/6 + (3bar,2)_3/6",4,24,8,False,False
Q13,13,"(3,2)_-2/6 + (3,2)_2/6 + (3bar,2)_-1/6 + (3bar,2)_1/6",2,"(3,2)_-2/6 + (3,2)_2/6 + (3bar,2)_-1/6 + (3bar,2)_1/6 | (3,2)_-1/6 + (3,2)_1/6 + (3bar,2)_-2/6 + (3bar,2)_2/6",4,24,12,False,False
Q14,14,"(1,1)_-1 + (1,2)_3/6 + (3,1)_-2/6 + (3,1)_4/6 + (3bar,2)_-1/6",2,"(1,1)_-1 + (1,2)_3/6 + (3,1)_-2/6 + (3,1)_4/6 + (3bar,2)_-1/6 | (1,1)_-1 + (1,2)_3/6 + (3,2)_-1/6 + (3bar,1)_-2/6 + (3bar,1)_4/6",5,15,4,True,True
