carrier_id,dimensions,support_key,support_score,witness_scalar_reps,witness_scalar_charge,residual_subgroup,transition_leak_count,line_charges,dual_line_charges,line_dual_mirror_charge_count,zero_line_component_count,zero_dual_line_component_count,neutral_record_token_count,token_witnesses,blocked_second_token_reason,charge_linking_observation,chirality_observation
carrier_00827,4,antifund:-3 + antisym2:2 + fund:-1 + singlet:4,4|15|3|1,antifund,1,factor0:residual3:transition_leaks6,6,-1,-3,0,0,0,0,,no_zero_sum_line_dual_pair_or_like_orientation_triple,mass-closure scalar fixes a small charge ladder; observed rows lack two independent zero-sum record channels,corrected-chiral roster avoids vector-like line-dual mirror doubling in every leak-positive substrate row
carrier_00836,4,antifund:-1 + antisym2:2 + fund:-3 + singlet:4,4|15|3|1,antifund,-1,factor0:residual3:transition_leaks6,6,-3,-1,0,0,0,0,,no_zero_sum_line_dual_pair_or_like_orientation_triple,mass-closure scalar fixes a small charge ladder; observed rows lack two independent zero-sum record channels,corrected-chiral roster avoids vector-like line-dual mirror doubling in every leak-positive substrate row
carrier_00837,4,antifund:1 + antisym2:-2 + fund:3 + singlet:-4,4|15|3|1,antifund,1,factor0:residual3:transition_leaks6,6,3,1,0,0,0,0,,no_zero_sum_line_dual_pair_or_like_orientation_triple,mass-closure scalar fixes a small charge ladder; observed rows lack two independent zero-sum record channels,corrected-chiral roster avoids vector-like line-dual mirror doubling in every leak-positive substrate row
carrier_00838,4,antifund:3 + antisym2:-2 + fund:1 + singlet:-4,4|15|3|1,antifund,-1,factor0:residual3:transition_leaks6,6,1,3,0,0,0,0,,no_zero_sum_line_dual_pair_or_like_orientation_triple,mass-closure scalar fixes a small charge ladder; observed rows lack two independent zero-sum record channels,corrected-chiral roster avoids vector-like line-dual mirror doubling in every leak-positive substrate row
carrier_00847,4,antifund:-4 + antisym2:2 + fund:0 + singlet:-2 + singlet:6,5|16|3|1,antifund,2,factor0:residual3:transition_leaks6,6,0,-4,0,1,0,1,triple_line:fund:0|fund:0|fund:0,only_one_zero_charge_like_orientation_triple;no_line_dual_mirror_pair_for_second_record,mass-closure scalar fixes a small charge ladder; observed rows lack two independent zero-sum record channels,corrected-chiral roster avoids vector-like line-dual mirror doubling in every leak-positive substrate row
carrier_00857,4,antifund:-2 + antisym2:1 + fund:0 + singlet:-1 + singlet:3,5|16|3|1,antifund,1,factor0:residual3:transition_leaks6,6,0,-2,0,1,0,1,triple_line:fund:0|fund:0|fund:0,only_one_zero_charge_like_orientation_triple;no_line_dual_mirror_pair_for_second_record,mass-closure scalar fixes a small charge ladder; observed rows lack two independent zero-sum record channels,corrected-chiral roster avoids vector-like line-dual mirror doubling in every leak-positive substrate row
carrier_00863,4,antifund:0 + antisym2:-2 + fund:4 + singlet:-6 + singlet:2,5|16|3|1,antifund,2,factor0:residual3:transition_leaks6,6,4,0,0,0,1,1,triple_dual:antifund:0|antifund:0|antifund:0,only_one_zero_charge_like_orientation_triple;no_line_dual_mirror_pair_for_second_record,mass-closure scalar fixes a small charge ladder; observed rows lack two independent zero-sum record channels,corrected-chiral roster avoids vector-like line-dual mirror doubling in every leak-positive substrate row
carrier_00864,4,antifund:0 + antisym2:-1 + fund:2 + singlet:-3 + singlet:1,5|16|3|1,antifund,1,factor0:residual3:transition_leaks6,6,2,0,0,0,1,1,triple_dual:antifund:0|antifund:0|antifund:0,only_one_zero_charge_like_orientation_triple;no_line_dual_mirror_pair_for_second_record,mass-closure scalar fixes a small charge ladder; observed rows lack two independent zero-sum record channels,corrected-chiral roster avoids vector-like line-dual mirror doubling in every leak-positive substrate row
carrier_00865,4,antifund:0 + antisym2:1 + fund:-2 + singlet:-1 + singlet:3,5|16|3|1,antifund,-1,factor0:residual3:transition_leaks6,6,-2,0,0,0,1,1,triple_dual:antifund:0|antifund:0|antifund:0,only_one_zero_charge_like_orientation_triple;no_line_dual_mirror_pair_for_second_record,mass-closure scalar fixes a small charge ladder; observed rows lack two independent zero-sum record channels,corrected-chiral roster avoids vector-like line-dual mirror doubling in every leak-positive substrate row
carrier_00866,4,antifund:0 + antisym2:2 + fund:-4 + singlet:-2 + singlet:6,5|16|3|1,antifund,-2,factor0:residual3:transition_leaks6,6,-4,0,0,0,1,1,triple_dual:antifund:0|antifund:0|antifund:0,only_one_zero_charge_like_orientation_triple;no_line_dual_mirror_pair_for_second_record,mass-closure scalar fixes a small charge ladder; observed rows lack two independent zero-sum record channels,corrected-chiral roster avoids vector-like line-dual mirror doubling in every leak-positive substrate row
carrier_00868,4,antifund:2 + antisym2:-1 + fund:0 + singlet:-3 + singlet:1,5|16|3|1,antifund,-1,factor0:residual3:transition_leaks6,6,0,2,0,1,0,1,triple_line:fund:0|fund:0|fund:0,only_one_zero_charge_like_orientation_triple;no_line_dual_mirror_pair_for_second_record,mass-closure scalar fixes a small charge ladder; observed rows lack two independent zero-sum record channels,corrected-chiral roster avoids vector-like line-dual mirror doubling in every leak-positive substrate row
carrier_00870,4,antifund:4 + antisym2:-2 + fund:0 + singlet:-6 + singlet:2,5|16|3|1,antifund,-2,factor0:residual3:transition_leaks6,6,0,4,0,1,0,1,triple_line:fund:0|fund:0|fund:0,only_one_zero_charge_like_orientation_triple;no_line_dual_mirror_pair_for_second_record,mass-closure scalar fixes a small charge ladder; observed rows lack two independent zero-sum record channels,corrected-chiral roster avoids vector-like line-dual mirror doubling in every leak-positive substrate row
carrier_10140,2|4,singletxantifund:1 + singletxantisym2:-2 + singletxfund:3 + singletxsinglet:-4,4|15|4|2,singletxantifund,1,factor1:residual3:transition_leaks6,6,3,1,0,0,0,0,,no_zero_sum_line_dual_pair_or_like_orientation_triple,mass-closure scalar fixes a small charge ladder; observed rows lack two independent zero-sum record channels,corrected-chiral roster avoids vector-like line-dual mirror doubling in every leak-positive substrate row
carrier_10141,2|4,singletxantifund:3 + singletxantisym2:-2 + singletxfund:1 + singletxsinglet:-4,4|15|4|2,singletxantifund,-1,factor1:residual3:transition_leaks6,6,1,3,0,0,0,0,,no_zero_sum_line_dual_pair_or_like_orientation_triple,mass-closure scalar fixes a small charge ladder; observed rows lack two independent zero-sum record channels,corrected-chiral roster avoids vector-like line-dual mirror doubling in every leak-positive substrate row
carrier_10142,2|4,singletxantifund:-3 + singletxantisym2:2 + singletxfund:-1 + singletxsinglet:4,4|15|4|2,singletxantifund,1,factor1:residual3:transition_leaks6,6,-1,-3,0,0,0,0,,no_zero_sum_line_dual_pair_or_like_orientation_triple,mass-closure scalar fixes a small charge ladder; observed rows lack two independent zero-sum record channels,corrected-chiral roster avoids vector-like line-dual mirror doubling in every leak-positive substrate row
carrier_10143,2|4,singletxantifund:-1 + singletxantisym2:2 + singletxfund:-3 + singletxsinglet:4,4|15|4|2,singletxantifund,-1,factor1:residual3:transition_leaks6,6,-3,-1,0,0,0,0,,no_zero_sum_line_dual_pair_or_like_orientation_triple,mass-closure scalar fixes a small charge ladder; observed rows lack two independent zero-sum record channels,corrected-chiral roster avoids vector-like line-dual mirror doubling in every leak-positive substrate row
carrier_11368,2|4,singletxantifund:0 + singletxantisym2:-2 + singletxfund:4 + singletxsinglet:-6 + singletxsinglet:2,5|16|4|2,singletxantifund,2,factor1:residual3:transition_leaks6,6,4,0,0,0,1,1,triple_dual:singletxantifund:0|singletxantifund:0|singletxantifund:0,only_one_zero_charge_like_orientation_triple;no_line_dual_mirror_pair_for_second_record,mass-closure scalar fixes a small charge ladder; observed rows lack two independent zero-sum record channels,corrected-chiral roster avoids vector-like line-dual mirror doubling in every leak-positive substrate row
carrier_11369,2|4,singletxantifund:4 + singletxantisym2:-2 + singletxfund:0 + singletxsinglet:-6 + singletxsinglet:2,5|16|4|2,singletxantifund,-2,factor1:residual3:transition_leaks6,6,0,4,0,1,0,1,triple_line:singletxfund:0|singletxfund:0|singletxfund:0,only_one_zero_charge_like_orientation_triple;no_line_dual_mirror_pair_for_second_record,mass-closure scalar fixes a small charge ladder; observed rows lack two independent zero-sum record channels,corrected-chiral roster avoids vector-like line-dual mirror doubling in every leak-positive substrate row
carrier_11376,2|4,singletxantifund:0 + singletxantisym2:-1 + singletxfund:2 + singletxsinglet:-3 + singletxsinglet:1,5|16|4|2,singletxantifund,1,factor1:residual3:transition_leaks6,6,2,0,0,0,1,1,triple_dual:singletxantifund:0|singletxantifund:0|singletxantifund:0,only_one_zero_charge_like_orientation_triple;no_line_dual_mirror_pair_for_second_record,mass-closure scalar fixes a small charge ladder; observed rows lack two independent zero-sum record channels,corrected-chiral roster avoids vector-like line-dual mirror doubling in every leak-positive substrate row
carrier_11377,2|4,singletxantifund:2 + singletxantisym2:-1 + singletxfund:0 + singletxsinglet:-3 + singletxsinglet:1,5|16|4|2,singletxantifund,-1,factor1:residual3:transition_leaks6,6,0,2,0,1,0,1,triple_line:singletxfund:0|singletxfund:0|singletxfund:0,only_one_zero_charge_like_orientation_triple;no_line_dual_mirror_pair_for_second_record,mass-closure scalar fixes a small charge ladder; observed rows lack two independent zero-sum record channels,corrected-chiral roster avoids vector-like line-dual mirror doubling in every leak-positive substrate row
carrier_11379,2|4,singletxantifund:-4 + singletxantisym2:2 + singletxfund:0 + singletxsinglet:-2 + singletxsinglet:6,5|16|4|2,singletxantifund,2,factor1:residual3:transition_leaks6,6,0,-4,0,1,0,1,triple_line:singletxfund:0|singletxfund:0|singletxfund:0,only_one_zero_charge_like_orientation_triple;no_line_dual_mirror_pair_for_second_record,mass-closure scalar fixes a small charge ladder; observed rows lack two independent zero-sum record channels,corrected-chiral roster avoids vector-like line-dual mirror doubling in every leak-positive substrate row
carrier_11380,2|4,singletxantifund:0 + singletxantisym2:2 + singletxfund:-4 + singletxsinglet:-2 + singletxsinglet:6,5|16|4|2,singletxantifund,-2,factor1:residual3:transition_leaks6,6,-4,0,0,0,1,1,triple_dual:singletxantifund:0|singletxantifund:0|singletxantifund:0,only_one_zero_charge_like_orientation_triple;no_line_dual_mirror_pair_for_second_record,mass-closure scalar fixes a small charge ladder; observed rows lack two independent zero-sum record channels,corrected-chiral roster avoids vector-like line-dual mirror doubling in every leak-positive substrate row
carrier_11382,2|4,singletxantifund:-2 + singletxantisym2:1 + singletxfund:0 + singletxsinglet:-1 + singletxsinglet:3,5|16|4|2,singletxantifund,1,factor1:residual3:transition_leaks6,6,0,-2,0,1,0,1,triple_line:singletxfund:0|singletxfund:0|singletxfund:0,only_one_zero_charge_like_orientation_triple;no_line_dual_mirror_pair_for_second_record,mass-closure scalar fixes a small charge ladder; observed rows lack two independent zero-sum record channels,corrected-chiral roster avoids vector-like line-dual mirror doubling in every leak-positive substrate row
carrier_11383,2|4,singletxantifund:0 + singletxantisym2:1 + singletxfund:-2 + singletxsinglet:-1 + singletxsinglet:3,5|16|4|2,singletxantifund,-1,factor1:residual3:transition_leaks6,6,-2,0,0,0,1,1,triple_dual:singletxantifund:0|singletxantifund:0|singletxantifund:0,only_one_zero_charge_like_orientation_triple;no_line_dual_mirror_pair_for_second_record,mass-closure scalar fixes a small charge ladder; observed rows lack two independent zero-sum record channels,corrected-chiral roster avoids vector-like line-dual mirror doubling in every leak-positive substrate row
carrier_11701,3|4,singletxantifund:-3 + singletxantisym2:2 + singletxfund:-1 + singletxsinglet:4,4|15|5|2,singletxantifund,1,factor1:residual3:transition_leaks6,6,-1,-3,0,0,0,0,,no_zero_sum_line_dual_pair_or_like_orientation_triple,mass-closure scalar fixes a small charge ladder; observed rows lack two independent zero-sum record channels,corrected-chiral roster avoids vector-like line-dual mirror doubling in every leak-positive substrate row
carrier_11710,3|4,singletxantifund:-1 + singletxantisym2:2 + singletxfund:-3 + singletxsinglet:4,4|15|5|2,singletxantifund,-1,factor1:residual3:transition_leaks6,6,-3,-1,0,0,0,0,,no_zero_sum_line_dual_pair_or_like_orientation_triple,mass-closure scalar fixes a small charge ladder; observed rows lack two independent zero-sum record channels,corrected-chiral roster avoids vector-like line-dual mirror doubling in every leak-positive substrate row
carrier_11711,3|4,singletxantifund:1 + singletxantisym2:-2 + singletxfund:3 + singletxsinglet:-4,4|15|5|2,singletxantifund,1,factor1:residual3:transition_leaks6,6,3,1,0,0,0,0,,no_zero_sum_line_dual_pair_or_like_orientation_triple,mass-closure scalar fixes a small charge ladder; observed rows lack two independent zero-sum record channels,corrected-chiral roster avoids vector-like line-dual mirror doubling in every leak-positive substrate row
carrier_11712,3|4,singletxantifund:3 + singletxantisym2:-2 + singletxfund:1 + singletxsinglet:-4,4|15|5|2,singletxantifund,-1,factor1:residual3:transition_leaks6,6,1,3,0,0,0,0,,no_zero_sum_line_dual_pair_or_like_orientation_triple,mass-closure scalar fixes a small charge ladder; observed rows lack two independent zero-sum record channels,corrected-chiral roster avoids vector-like line-dual mirror doubling in every leak-positive substrate row
carrier_11806,3|4,singletxantifund:-4 + singletxantisym2:2 + singletxfund:0 + singletxsinglet:-2 + singletxsinglet:6,5|16|5|2,singletxantifund,2,factor1:residual3:transition_leaks6,6,0,-4,0,1,0,1,triple_line:singletxfund:0|singletxfund:0|singletxfund:0,only_one_zero_charge_like_orientation_triple;no_line_dual_mirror_pair_for_second_record,mass-closure scalar fixes a small charge ladder; observed rows lack two independent zero-sum record channels,corrected-chiral roster avoids vector-like line-dual mirror doubling in every leak-positive substrate row
carrier_11816,3|4,singletxantifund:-2 + singletxantisym2:1 + singletxfund:0 + singletxsinglet:-1 + singletxsinglet:3,5|16|5|2,singletxantifund,1,factor1:residual3:transition_leaks6,6,0,-2,0,1,0,1,triple_line:singletxfund:0|singletxfund:0|singletxfund:0,only_one_zero_charge_like_orientation_triple;no_line_dual_mirror_pair_for_second_record,mass-closure scalar fixes a small charge ladder; observed rows lack two independent zero-sum record channels,corrected-chiral roster avoids vector-like line-dual mirror doubling in every leak-positive substrate row
carrier_11822,3|4,singletxantifund:0 + singletxantisym2:-2 + singletxfund:4 + singletxsinglet:-6 + singletxsinglet:2,5|16|5|2,singletxantifund,2,factor1:residual3:transition_leaks6,6,4,0,0,0,1,1,triple_dual:singletxantifund:0|singletxantifund:0|singletxantifund:0,only_one_zero_charge_like_orientation_triple;no_line_dual_mirror_pair_for_second_record,mass-closure scalar fixes a small charge ladder; observed rows lack two independent zero-sum record channels,corrected-chiral roster avoids vector-like line-dual mirror doubling in every leak-positive substrate row
carrier_11823,3|4,singletxantifund:0 + singletxantisym2:-1 + singletxfund:2 + singletxsinglet:-3 + singletxsinglet:1,5|16|5|2,singletxantifund,1,factor1:residual3:transition_leaks6,6,2,0,0,0,1,1,triple_dual:singletxantifund:0|singletxantifund:0|singletxantifund:0,only_one_zero_charge_like_orientation_triple;no_line_dual_mirror_pair_for_second_record,mass-closure scalar fixes a small charge ladder; observed rows lack two independent zero-sum record channels,corrected-chiral roster avoids vector-like line-dual mirror doubling in every leak-positive substrate row
carrier_11824,3|4,singletxantifund:0 + singletxantisym2:1 + singletxfund:-2 + singletxsinglet:-1 + singletxsinglet:3,5|16|5|2,singletxantifund,-1,factor1:residual3:transition_leaks6,6,-2,0,0,0,1,1,triple_dual:singletxantifund:0|singletxantifund:0|singletxantifund:0,only_one_zero_charge_like_orientation_triple;no_line_dual_mirror_pair_for_second_record,mass-closure scalar fixes a small charge ladder; observed rows lack two independent zero-sum record channels,corrected-chiral roster avoids vector-like line-dual mirror doubling in every leak-positive substrate row
carrier_11825,3|4,singletxantifund:0 + singletxantisym2:2 + singletxfund:-4 + singletxsinglet:-2 + singletxsinglet:6,5|16|5|2,singletxantifund,-2,factor1:residual3:transition_leaks6,6,-4,0,0,0,1,1,triple_dual:singletxantifund:0|singletxantifund:0|singletxantifund:0,only_one_zero_charge_like_orientation_triple;no_line_dual_mirror_pair_for_second_record,mass-closure scalar fixes a small charge ladder; observed rows lack two independent zero-sum record channels,corrected-chiral roster avoids vector-like line-dual mirror doubling in every leak-positive substrate row
carrier_11827,3|4,singletxantifund:2 + singletxantisym2:-1 + singletxfund:0 + singletxsinglet:-3 + singletxsinglet:1,5|16|5|2,singletxantifund,-1,factor1:residual3:transition_leaks6,6,0,2,0,1,0,1,triple_line:singletxfund:0|singletxfund:0|singletxfund:0,only_one_zero_charge_like_orientation_triple;no_line_dual_mirror_pair_for_second_record,mass-closure scalar fixes a small charge ladder; observed rows lack two independent zero-sum record channels,corrected-chiral roster avoids vector-like line-dual mirror doubling in every leak-positive substrate row
carrier_11829,3|4,singletxantifund:4 + singletxantisym2:-2 + singletxfund:0 + singletxsinglet:-6 + singletxsinglet:2,5|16|5|2,singletxantifund,-2,factor1:residual3:transition_leaks6,6,0,4,0,1,0,1,triple_line:singletxfund:0|singletxfund:0|singletxfund:0,only_one_zero_charge_like_orientation_triple;no_line_dual_mirror_pair_for_second_record,mass-closure scalar fixes a small charge ladder; observed rows lack two independent zero-sum record channels,corrected-chiral roster avoids vector-like line-dual mirror doubling in every leak-positive substrate row
carrier_11842,4|4,antifundxsinglet:-3 + antisym2xsinglet:2 + fundxsinglet:-1 + singletxsinglet:4,4|15|6|2,antifundxsinglet,1,factor0:residual3:transition_leaks6,6,,,0,0,0,0,,no_zero_sum_line_dual_pair_or_like_orientation_triple,mass-closure scalar fixes a small charge ladder; observed rows lack two independent zero-sum record channels,corrected-chiral roster avoids vector-like line-dual mirror doubling in every leak-positive substrate row
carrier_11851,4|4,antifundxsinglet:-1 + antisym2xsinglet:2 + fundxsinglet:-3 + singletxsinglet:4,4|15|6|2,antifundxsinglet,-1,factor0:residual3:transition_leaks6,6,,,0,0,0,0,,no_zero_sum_line_dual_pair_or_like_orientation_triple,mass-closure scalar fixes a small charge ladder; observed rows lack two independent zero-sum record channels,corrected-chiral roster avoids vector-like line-dual mirror doubling in every leak-positive substrate row
carrier_11852,4|4,antifundxsinglet:1 + antisym2xsinglet:-2 + fundxsinglet:3 + singletxsinglet:-4,4|15|6|2,antifundxsinglet,1,factor0:residual3:transition_leaks6,6,,,0,0,0,0,,no_zero_sum_line_dual_pair_or_like_orientation_triple,mass-closure scalar fixes a small charge ladder; observed rows lack two independent zero-sum record channels,corrected-chiral roster avoids vector-like line-dual mirror doubling in every leak-positive substrate row
carrier_11853,4|4,antifundxsinglet:3 + antisym2xsinglet:-2 + fundxsinglet:1 + singletxsinglet:-4,4|15|6|2,antifundxsinglet,-1,factor0:residual3:transition_leaks6,6,,,0,0,0,0,,no_zero_sum_line_dual_pair_or_like_orientation_triple,mass-closure scalar fixes a small charge ladder; observed rows lack two independent zero-sum record channels,corrected-chiral roster avoids vector-like line-dual mirror doubling in every leak-positive substrate row
carrier_11866,4|4,singletxantifund:-3 + singletxantisym2:2 + singletxfund:-1 + singletxsinglet:4,4|15|6|2,singletxantifund,1,factor1:residual3:transition_leaks6,6,-1,-3,0,0,0,0,,no_zero_sum_line_dual_pair_or_like_orientation_triple,mass-closure scalar fixes a small charge ladder; observed rows lack two independent zero-sum record channels,corrected-chiral roster avoids vector-like line-dual mirror doubling in every leak-positive substrate row
carrier_11875,4|4,singletxantifund:-1 + singletxantisym2:2 + singletxfund:-3 + singletxsinglet:4,4|15|6|2,singletxantifund,-1,factor1:residual3:transition_leaks6,6,-3,-1,0,0,0,0,,no_zero_sum_line_dual_pair_or_like_orientation_triple,mass-closure scalar fixes a small charge ladder; observed rows lack two independent zero-sum record channels,corrected-chiral roster avoids vector-like line-dual mirror doubling in every leak-positive substrate row
carrier_11876,4|4,singletxantifund:1 + singletxantisym2:-2 + singletxfund:3 + singletxsinglet:-4,4|15|6|2,singletxantifund,1,factor1:residual3:transition_leaks6,6,3,1,0,0,0,0,,no_zero_sum_line_dual_pair_or_like_orientation_triple,mass-closure scalar fixes a small charge ladder; observed rows lack two independent zero-sum record channels,corrected-chiral roster avoids vector-like line-dual mirror doubling in every leak-positive substrate row
carrier_11877,4|4,singletxantifund:3 + singletxantisym2:-2 + singletxfund:1 + singletxsinglet:-4,4|15|6|2,singletxantifund,-1,factor1:residual3:transition_leaks6,6,1,3,0,0,0,0,,no_zero_sum_line_dual_pair_or_like_orientation_triple,mass-closure scalar fixes a small charge ladder; observed rows lack two independent zero-sum record channels,corrected-chiral roster avoids vector-like line-dual mirror doubling in every leak-positive substrate row
carrier_11894,4|4,antifundxsinglet:-4 + antisym2xsinglet:2 + fundxsinglet:0 + singletxsinglet:-2 + singletxsinglet:6,5|16|6|2,antifundxsinglet,2,factor0:residual3:transition_leaks6,6,,,0,0,0,0,,no_zero_sum_line_dual_pair_or_like_orientation_triple,mass-closure scalar fixes a small charge ladder; observed rows lack two independent zero-sum record channels,corrected-chiral roster avoids vector-like line-dual mirror doubling in every leak-positive substrate row
carrier_11913,4|4,antifundxsinglet:-2 + antisym2xsinglet:1 + fundxsinglet:0 + singletxsinglet:-1 + singletxsinglet:3,5|16|6|2,antifundxsinglet,1,factor0:residual3:transition_leaks6,6,,,0,0,0,0,,no_zero_sum_line_dual_pair_or_like_orientation_triple,mass-closure scalar fixes a small charge ladder; observed rows lack two independent zero-sum record channels,corrected-chiral roster avoids vector-like line-dual mirror doubling in every leak-positive substrate row
carrier_11924,4|4,antifundxsinglet:0 + antisym2xsinglet:-2 + fundxsinglet:4 + singletxsinglet:-6 + singletxsinglet:2,5|16|6|2,antifundxsinglet,2,factor0:residual3:transition_leaks6,6,,,0,0,0,0,,no_zero_sum_line_dual_pair_or_like_orientation_triple,mass-closure scalar fixes a small charge ladder; observed rows lack two independent zero-sum record channels,corrected-chiral roster avoids vector-like line-dual mirror doubling in every leak-positive substrate row
carrier_11925,4|4,antifundxsinglet:0 + antisym2xsinglet:-1 + fundxsinglet:2 + singletxsinglet:-3 + singletxsinglet:1,5|16|6|2,antifundxsinglet,1,factor0:residual3:transition_leaks6,6,,,0,0,0,0,,no_zero_sum_line_dual_pair_or_like_orientation_triple,mass-closure scalar fixes a small charge ladder; observed rows lack two independent zero-sum record channels,corrected-chiral roster avoids vector-like line-dual mirror doubling in every leak-positive substrate row
carrier_11926,4|4,antifundxsinglet:0 + antisym2xsinglet:1 + fundxsinglet:-2 + singletxsinglet:-1 + singletxsinglet:3,5|16|6|2,antifundxsinglet,-1,factor0:residual3:transition_leaks6,6,,,0,0,0,0,,no_zero_sum_line_dual_pair_or_like_orientation_triple,mass-closure scalar fixes a small charge ladder; observed rows lack two independent zero-sum record channels,corrected-chiral roster avoids vector-like line-dual mirror doubling in every leak-positive substrate row
carrier_11927,4|4,antifundxsinglet:0 + antisym2xsinglet:2 + fundxsinglet:-4 + singletxsinglet:-2 + singletxsinglet:6,5|16|6|2,antifundxsinglet,-2,factor0:residual3:transition_leaks6,6,,,0,0,0,0,,no_zero_sum_line_dual_pair_or_like_orientation_triple,mass-closure scalar fixes a small charge ladder; observed rows lack two independent zero-sum record channels,corrected-chiral roster avoids vector-like line-dual mirror doubling in every leak-positive substrate row
carrier_11930,4|4,antifundxsinglet:2 + antisym2xsinglet:-1 + fundxsinglet:0 + singletxsinglet:-3 + singletxsinglet:1,5|16|6|2,antifundxsinglet,-1,factor0:residual3:transition_leaks6,6,,,0,0,0,0,,no_zero_sum_line_dual_pair_or_like_orientation_triple,mass-closure scalar fixes a small charge ladder; observed rows lack two independent zero-sum record channels,corrected-chiral roster avoids vector-like line-dual mirror doubling in every leak-positive substrate row
carrier_11933,4|4,antifundxsinglet:4 + antisym2xsinglet:-2 + fundxsinglet:0 + singletxsinglet:-6 + singletxsinglet:2,5|16|6|2,antifundxsinglet,-2,factor0:residual3:transition_leaks6,6,,,0,0,0,0,,no_zero_sum_line_dual_pair_or_like_orientation_triple,mass-closure scalar fixes a small charge ladder; observed rows lack two independent zero-sum record channels,corrected-chiral roster avoids vector-like line-dual mirror doubling in every leak-positive substrate row
carrier_11966,4|4,singletxantifund:-4 + singletxantisym2:2 + singletxfund:0 + singletxsinglet:-2 + singletxsinglet:6,5|16|6|2,singletxantifund,2,factor1:residual3:transition_leaks6,6,0,-4,0,1,0,1,triple_line:singletxfund:0|singletxfund:0|singletxfund:0,only_one_zero_charge_like_orientation_triple;no_line_dual_mirror_pair_for_second_record,mass-closure scalar fixes a small charge ladder; observed rows lack two independent zero-sum record channels,corrected-chiral roster avoids vector-like line-dual mirror doubling in every leak-positive substrate row
carrier_11976,4|4,singletxantifund:-2 + singletxantisym2:1 + singletxfund:0 + singletxsinglet:-1 + singletxsinglet:3,5|16|6|2,singletxantifund,1,factor1:residual3:transition_leaks6,6,0,-2,0,1,0,1,triple_line:singletxfund:0|singletxfund:0|singletxfund:0,only_one_zero_charge_like_orientation_triple;no_line_dual_mirror_pair_for_second_record,mass-closure scalar fixes a small charge ladder; observed rows lack two independent zero-sum record channels,corrected-chiral roster avoids vector-like line-dual mirror doubling in every leak-positive substrate row
carrier_11982,4|4,singletxantifund:0 + singletxantisym2:-2 + singletxfund:4 + singletxsinglet:-6 + singletxsinglet:2,5|16|6|2,singletxantifund,2,factor1:residual3:transition_leaks6,6,4,0,0,0,1,1,triple_dual:singletxantifund:0|singletxantifund:0|singletxantifund:0,only_one_zero_charge_like_orientation_triple;no_line_dual_mirror_pair_for_second_record,mass-closure scalar fixes a small charge ladder; observed rows lack two independent zero-sum record channels,corrected-chiral roster avoids vector-like line-dual mirror doubling in every leak-positive substrate row
carrier_11983,4|4,singletxantifund:0 + singletxantisym2:-1 + singletxfund:2 + singletxsinglet:-3 + singletxsinglet:1,5|16|6|2,singletxantifund,1,factor1:residual3:transition_leaks6,6,2,0,0,0,1,1,triple_dual:singletxantifund:0|singletxantifund:0|singletxantifund:0,only_one_zero_charge_like_orientation_triple;no_line_dual_mirror_pair_for_second_record,mass-closure scalar fixes a small charge ladder; observed rows lack two independent zero-sum record channels,corrected-chiral roster avoids vector-like line-dual mirror doubling in every leak-positive substrate row
carrier_11984,4|4,singletxantifund:0 + singletxantisym2:1 + singletxfund:-2 + singletxsinglet:-1 + singletxsinglet:3,5|16|6|2,singletxantifund,-1,factor1:residual3:transition_leaks6,6,-2,0,0,0,1,1,triple_dual:singletxantifund:0|singletxantifund:0|singletxantifund:0,only_one_zero_charge_like_orientation_triple;no_line_dual_mirror_pair_for_second_record,mass-closure scalar fixes a small charge ladder; observed rows lack two independent zero-sum record channels,corrected-chiral roster avoids vector-like line-dual mirror doubling in every leak-positive substrate row
carrier_11985,4|4,singletxantifund:0 + singletxantisym2:2 + singletxfund:-4 + singletxsinglet:-2 + singletxsinglet:6,5|16|6|2,singletxantifund,-2,factor1:residual3:transition_leaks6,6,-4,0,0,0,1,1,triple_dual:singletxantifund:0|singletxantifund:0|singletxantifund:0,only_one_zero_charge_like_orientation_triple;no_line_dual_mirror_pair_for_second_record,mass-closure scalar fixes a small charge ladder; observed rows lack two independent zero-sum record channels,corrected-chiral roster avoids vector-like line-dual mirror doubling in every leak-positive substrate row
carrier_11987,4|4,singletxantifund:2 + singletxantisym2:-1 + singletxfund:0 + singletxsinglet:-3 + singletxsinglet:1,5|16|6|2,singletxantifund,-1,factor1:residual3:transition_leaks6,6,0,2,0,1,0,1,triple_line:singletxfund:0|singletxfund:0|singletxfund:0,only_one_zero_charge_like_orientation_triple;no_line_dual_mirror_pair_for_second_record,mass-closure scalar fixes a small charge ladder; observed rows lack two independent zero-sum record channels,corrected-chiral roster avoids vector-like line-dual mirror doubling in every leak-positive substrate row
carrier_11989,4|4,singletxantifund:4 + singletxantisym2:-2 + singletxfund:0 + singletxsinglet:-6 + singletxsinglet:2,5|16|6|2,singletxantifund,-2,factor1:residual3:transition_leaks6,6,0,4,0,1,0,1,triple_line:singletxfund:0|singletxfund:0|singletxfund:0,only_one_zero_charge_like_orientation_triple;no_line_dual_mirror_pair_for_second_record,mass-closure scalar fixes a small charge ladder; observed rows lack two independent zero-sum record channels,corrected-chiral roster avoids vector-like line-dual mirror doubling in every leak-positive substrate row
