fiber_id,carrier,seed,basis_index,endpoint,saturated,budget_truncated,budget_reason,canonical_state_count,max_replacement_depth,accepted_move_census,novel_state_census,accepted_series,accepted_two_terminal_module,accepted_saturated_or_zero_column,accepted_inseparable_contraction,accepted_delta_y_y_delta,novel_series,novel_two_terminal_module,novel_saturated_or_zero_column,novel_inseparable_contraction,novel_delta_y_y_delta,fingerprint_full_recheck_count,all_admitted_fingerprints_equal,all_weights_exact_fraction
fiber_001,wheel_W4__b8__leaf_offset0,47,0,base,True,False,,5,1,series:0|two_terminal_module:0|saturated_or_zero_column:0|inseparable_contraction:0|delta_y_y_delta:8,series:0|two_terminal_module:0|saturated_or_zero_column:0|inseparable_contraction:0|delta_y_y_delta:4,0,0,0,0,8,0,0,0,0,4,5,True,True
fiber_001,wheel_W4__b8__leaf_offset0,47,0,perturbed,True,False,,5,1,series:0|two_terminal_module:0|saturated_or_zero_column:0|inseparable_contraction:0|delta_y_y_delta:8,series:0|two_terminal_module:0|saturated_or_zero_column:0|inseparable_contraction:0|delta_y_y_delta:4,0,0,0,0,8,0,0,0,0,4,5,True,True
fiber_002,wheel_W4__b8__leaf_offset0,47,1,base,True,False,,5,1,series:0|two_terminal_module:0|saturated_or_zero_column:0|inseparable_contraction:0|delta_y_y_delta:8,series:0|two_terminal_module:0|saturated_or_zero_column:0|inseparable_contraction:0|delta_y_y_delta:4,0,0,0,0,8,0,0,0,0,4,5,True,True
fiber_002,wheel_W4__b8__leaf_offset0,47,1,perturbed,True,False,,5,1,series:0|two_terminal_module:0|saturated_or_zero_column:0|inseparable_contraction:0|delta_y_y_delta:8,series:0|two_terminal_module:0|saturated_or_zero_column:0|inseparable_contraction:0|delta_y_y_delta:4,0,0,0,0,8,0,0,0,0,4,5,True,True
fiber_003,wheel_W4__b8__leaf_offset0,47,2,base,True,False,,5,1,series:0|two_terminal_module:0|saturated_or_zero_column:0|inseparable_contraction:0|delta_y_y_delta:8,series:0|two_terminal_module:0|saturated_or_zero_column:0|inseparable_contraction:0|delta_y_y_delta:4,0,0,0,0,8,0,0,0,0,4,5,True,True
fiber_003,wheel_W4__b8__leaf_offset0,47,2,perturbed,True,False,,5,1,series:0|two_terminal_module:0|saturated_or_zero_column:0|inseparable_contraction:0|delta_y_y_delta:8,series:0|two_terminal_module:0|saturated_or_zero_column:0|inseparable_contraction:0|delta_y_y_delta:4,0,0,0,0,8,0,0,0,0,4,5,True,True
fiber_004,wheel_W4__b8__leaf_offset1,17,0,base,True,False,,1,0,series:0|two_terminal_module:0|saturated_or_zero_column:0|inseparable_contraction:0|delta_y_y_delta:0,series:0|two_terminal_module:0|saturated_or_zero_column:0|inseparable_contraction:0|delta_y_y_delta:0,0,0,0,0,0,0,0,0,0,0,1,True,True
fiber_004,wheel_W4__b8__leaf_offset1,17,0,perturbed,True,False,,1,0,series:0|two_terminal_module:0|saturated_or_zero_column:0|inseparable_contraction:0|delta_y_y_delta:0,series:0|two_terminal_module:0|saturated_or_zero_column:0|inseparable_contraction:0|delta_y_y_delta:0,0,0,0,0,0,0,0,0,0,0,1,True,True
fiber_005,wheel_W4__b8__leaf_offset1,17,1,base,True,False,,1,0,series:0|two_terminal_module:0|saturated_or_zero_column:0|inseparable_contraction:0|delta_y_y_delta:0,series:0|two_terminal_module:0|saturated_or_zero_column:0|inseparable_contraction:0|delta_y_y_delta:0,0,0,0,0,0,0,0,0,0,0,1,True,True
fiber_005,wheel_W4__b8__leaf_offset1,17,1,perturbed,True,False,,1,0,series:0|two_terminal_module:0|saturated_or_zero_column:0|inseparable_contraction:0|delta_y_y_delta:0,series:0|two_terminal_module:0|saturated_or_zero_column:0|inseparable_contraction:0|delta_y_y_delta:0,0,0,0,0,0,0,0,0,0,0,1,True,True
fiber_006,wheel_W4__b8__leaf_offset1,31,0,base,True,False,,1,0,series:0|two_terminal_module:0|saturated_or_zero_column:0|inseparable_contraction:0|delta_y_y_delta:0,series:0|two_terminal_module:0|saturated_or_zero_column:0|inseparable_contraction:0|delta_y_y_delta:0,0,0,0,0,0,0,0,0,0,0,1,True,True
fiber_006,wheel_W4__b8__leaf_offset1,31,0,perturbed,True,False,,1,0,series:0|two_terminal_module:0|saturated_or_zero_column:0|inseparable_contraction:0|delta_y_y_delta:0,series:0|two_terminal_module:0|saturated_or_zero_column:0|inseparable_contraction:0|delta_y_y_delta:0,0,0,0,0,0,0,0,0,0,0,1,True,True
fiber_007,wheel_W4__b8__leaf_offset1,31,1,base,True,False,,1,0,series:0|two_terminal_module:0|saturated_or_zero_column:0|inseparable_contraction:0|delta_y_y_delta:0,series:0|two_terminal_module:0|saturated_or_zero_column:0|inseparable_contraction:0|delta_y_y_delta:0,0,0,0,0,0,0,0,0,0,0,1,True,True
fiber_007,wheel_W4__b8__leaf_offset1,31,1,perturbed,True,False,,1,0,series:0|two_terminal_module:0|saturated_or_zero_column:0|inseparable_contraction:0|delta_y_y_delta:0,series:0|two_terminal_module:0|saturated_or_zero_column:0|inseparable_contraction:0|delta_y_y_delta:0,0,0,0,0,0,0,0,0,0,0,1,True,True
fiber_008,K23_bipartite__b6__leaf_offset0,31,0,base,True,False,,3,2,series:0|two_terminal_module:0|saturated_or_zero_column:0|inseparable_contraction:0|delta_y_y_delta:4,series:0|two_terminal_module:0|saturated_or_zero_column:0|inseparable_contraction:0|delta_y_y_delta:2,0,0,0,0,4,0,0,0,0,2,3,True,True
fiber_008,K23_bipartite__b6__leaf_offset0,31,0,perturbed,True,False,,3,2,series:0|two_terminal_module:0|saturated_or_zero_column:0|inseparable_contraction:0|delta_y_y_delta:4,series:0|two_terminal_module:0|saturated_or_zero_column:0|inseparable_contraction:0|delta_y_y_delta:2,0,0,0,0,4,0,0,0,0,2,3,True,True
fiber_009,K23_bipartite__b6__dual_gateway,47,0,base,True,False,,3,2,series:0|two_terminal_module:0|saturated_or_zero_column:0|inseparable_contraction:0|delta_y_y_delta:4,series:0|two_terminal_module:0|saturated_or_zero_column:0|inseparable_contraction:0|delta_y_y_delta:2,0,0,0,0,4,0,0,0,0,2,3,True,True
fiber_009,K23_bipartite__b6__dual_gateway,47,0,perturbed,True,False,,3,2,series:0|two_terminal_module:0|saturated_or_zero_column:0|inseparable_contraction:0|delta_y_y_delta:4,series:0|two_terminal_module:0|saturated_or_zero_column:0|inseparable_contraction:0|delta_y_y_delta:2,0,0,0,0,4,0,0,0,0,2,3,True,True
fiber_010,K23_bipartite__b7__leaf_offset1,47,0,base,True,False,,1,0,series:0|two_terminal_module:0|saturated_or_zero_column:0|inseparable_contraction:0|delta_y_y_delta:0,series:0|two_terminal_module:0|saturated_or_zero_column:0|inseparable_contraction:0|delta_y_y_delta:0,0,0,0,0,0,0,0,0,0,0,1,True,True
fiber_010,K23_bipartite__b7__leaf_offset1,47,0,perturbed,True,False,,1,0,series:0|two_terminal_module:0|saturated_or_zero_column:0|inseparable_contraction:0|delta_y_y_delta:0,series:0|two_terminal_module:0|saturated_or_zero_column:0|inseparable_contraction:0|delta_y_y_delta:0,0,0,0,0,0,0,0,0,0,0,1,True,True
fiber_011,K23_bipartite__b8__leaf_offset0,17,0,base,True,False,,5,3,series:0|two_terminal_module:0|saturated_or_zero_column:0|inseparable_contraction:0|delta_y_y_delta:8,series:0|two_terminal_module:0|saturated_or_zero_column:0|inseparable_contraction:0|delta_y_y_delta:4,0,0,0,0,8,0,0,0,0,4,5,True,True
fiber_011,K23_bipartite__b8__leaf_offset0,17,0,perturbed,True,False,,5,3,series:0|two_terminal_module:0|saturated_or_zero_column:0|inseparable_contraction:0|delta_y_y_delta:8,series:0|two_terminal_module:0|saturated_or_zero_column:0|inseparable_contraction:0|delta_y_y_delta:4,0,0,0,0,8,0,0,0,0,4,5,True,True
fiber_012,K23_bipartite__b8__leaf_offset1,17,0,base,True,False,,1,0,series:0|two_terminal_module:0|saturated_or_zero_column:0|inseparable_contraction:0|delta_y_y_delta:0,series:0|two_terminal_module:0|saturated_or_zero_column:0|inseparable_contraction:0|delta_y_y_delta:0,0,0,0,0,0,0,0,0,0,0,1,True,True
fiber_012,K23_bipartite__b8__leaf_offset1,17,0,perturbed,True,False,,1,0,series:0|two_terminal_module:0|saturated_or_zero_column:0|inseparable_contraction:0|delta_y_y_delta:0,series:0|two_terminal_module:0|saturated_or_zero_column:0|inseparable_contraction:0|delta_y_y_delta:0,0,0,0,0,0,0,0,0,0,0,1,True,True
fiber_013,K23_bipartite__b8__leaf_offset1,31,0,base,True,False,,1,0,series:0|two_terminal_module:0|saturated_or_zero_column:0|inseparable_contraction:0|delta_y_y_delta:0,series:0|two_terminal_module:0|saturated_or_zero_column:0|inseparable_contraction:0|delta_y_y_delta:0,0,0,0,0,0,0,0,0,0,0,1,True,True
fiber_013,K23_bipartite__b8__leaf_offset1,31,0,perturbed,True,False,,1,0,series:0|two_terminal_module:0|saturated_or_zero_column:0|inseparable_contraction:0|delta_y_y_delta:0,series:0|two_terminal_module:0|saturated_or_zero_column:0|inseparable_contraction:0|delta_y_y_delta:0,0,0,0,0,0,0,0,0,0,0,1,True,True
fiber_014,K23_bipartite__b8__leaf_offset1,47,0,base,True,False,,1,0,series:0|two_terminal_module:0|saturated_or_zero_column:0|inseparable_contraction:0|delta_y_y_delta:0,series:0|two_terminal_module:0|saturated_or_zero_column:0|inseparable_contraction:0|delta_y_y_delta:0,0,0,0,0,0,0,0,0,0,0,1,True,True
fiber_014,K23_bipartite__b8__leaf_offset1,47,0,perturbed,True,False,,1,0,series:0|two_terminal_module:0|saturated_or_zero_column:0|inseparable_contraction:0|delta_y_y_delta:0,series:0|two_terminal_module:0|saturated_or_zero_column:0|inseparable_contraction:0|delta_y_y_delta:0,0,0,0,0,0,0,0,0,0,0,1,True,True
fiber_015,K23_bipartite__b8__dual_gateway,17,0,base,True,False,,1,0,series:0|two_terminal_module:0|saturated_or_zero_column:0|inseparable_contraction:0|delta_y_y_delta:0,series:0|two_terminal_module:0|saturated_or_zero_column:0|inseparable_contraction:0|delta_y_y_delta:0,0,0,0,0,0,0,0,0,0,0,1,True,True
fiber_015,K23_bipartite__b8__dual_gateway,17,0,perturbed,True,False,,1,0,series:0|two_terminal_module:0|saturated_or_zero_column:0|inseparable_contraction:0|delta_y_y_delta:0,series:0|two_terminal_module:0|saturated_or_zero_column:0|inseparable_contraction:0|delta_y_y_delta:0,0,0,0,0,0,0,0,0,0,0,1,True,True
fiber_016,K23_bipartite__b8__dual_gateway,17,1,base,True,False,,1,0,series:0|two_terminal_module:0|saturated_or_zero_column:0|inseparable_contraction:0|delta_y_y_delta:0,series:0|two_terminal_module:0|saturated_or_zero_column:0|inseparable_contraction:0|delta_y_y_delta:0,0,0,0,0,0,0,0,0,0,0,1,True,True
fiber_016,K23_bipartite__b8__dual_gateway,17,1,perturbed,True,False,,1,0,series:0|two_terminal_module:0|saturated_or_zero_column:0|inseparable_contraction:0|delta_y_y_delta:0,series:0|two_terminal_module:0|saturated_or_zero_column:0|inseparable_contraction:0|delta_y_y_delta:0,0,0,0,0,0,0,0,0,0,0,1,True,True
fiber_017,K23_bipartite__b8__dual_gateway,31,0,base,True,False,,1,0,series:0|two_terminal_module:0|saturated_or_zero_column:0|inseparable_contraction:0|delta_y_y_delta:0,series:0|two_terminal_module:0|saturated_or_zero_column:0|inseparable_contraction:0|delta_y_y_delta:0,0,0,0,0,0,0,0,0,0,0,1,True,True
fiber_017,K23_bipartite__b8__dual_gateway,31,0,perturbed,True,False,,1,0,series:0|two_terminal_module:0|saturated_or_zero_column:0|inseparable_contraction:0|delta_y_y_delta:0,series:0|two_terminal_module:0|saturated_or_zero_column:0|inseparable_contraction:0|delta_y_y_delta:0,0,0,0,0,0,0,0,0,0,0,1,True,True
fiber_018,K23_bipartite__b8__dual_gateway,31,1,base,True,False,,1,0,series:0|two_terminal_module:0|saturated_or_zero_column:0|inseparable_contraction:0|delta_y_y_delta:0,series:0|two_terminal_module:0|saturated_or_zero_column:0|inseparable_contraction:0|delta_y_y_delta:0,0,0,0,0,0,0,0,0,0,0,1,True,True
fiber_018,K23_bipartite__b8__dual_gateway,31,1,perturbed,True,False,,1,0,series:0|two_terminal_module:0|saturated_or_zero_column:0|inseparable_contraction:0|delta_y_y_delta:0,series:0|two_terminal_module:0|saturated_or_zero_column:0|inseparable_contraction:0|delta_y_y_delta:0,0,0,0,0,0,0,0,0,0,0,1,True,True
fiber_019,K23_bipartite__b8__dual_gateway,47,0,base,True,False,,6,3,series:0|two_terminal_module:0|saturated_or_zero_column:0|inseparable_contraction:0|delta_y_y_delta:10,series:0|two_terminal_module:0|saturated_or_zero_column:0|inseparable_contraction:0|delta_y_y_delta:5,0,0,0,0,10,0,0,0,0,5,6,True,True
fiber_019,K23_bipartite__b8__dual_gateway,47,0,perturbed,True,False,,6,3,series:0|two_terminal_module:0|saturated_or_zero_column:0|inseparable_contraction:0|delta_y_y_delta:10,series:0|two_terminal_module:0|saturated_or_zero_column:0|inseparable_contraction:0|delta_y_y_delta:5,0,0,0,0,10,0,0,0,0,5,6,True,True
