carrier,source_seed,named_regression,reduced_vertex_count,reduced_edge_count,residual_deficiency,boundary_count,bond_dimension,tensor_family,tensor_seed_namespace,tensor_seed_replicate,tensor_seed,legacy_tensor_seed,boundary_state_entries,entropy_subset_count,expected_subset_count,complement_symmetry_residual,minimum_entropy,maximum_entropy,entropy_vector_sha256,legacy_pre_fix_entropy_vector_sha256,legacy_seed_corrected_entropy_vector_sha256,entropy_digest_changed_from_legacy,entropy_digest_changed_from_legacy_seed_same_policy,state_sha256,legacy_state_sha256,state_digest_changed_from_legacy_seed,maximum_discarded_probability_mass,maximum_truncation_entropy_error_bound_nats,minimum_numerical_rank,maximum_numerical_rank,schmidt_probability_tolerance,closure_moves,tractable
wheel_W4__b8__leaf_offset0,47,False,12,14,3,8,2,structured_copy,,,,,256,256,256,0,0,0.693147180559945,7ac7deb093145a90708381d598044d59964fa49766b501844328930f43adf789,,,,,819934520e03d1d5ccb8f60aad50708c7758a8977962735a307631d9009be2b2,,,0,0,1,2,1e-13,,True
wheel_W4__b8__leaf_offset0,47,False,12,14,3,8,2,seeded_random_complex,prog2_step2_tensor_seed_v1,0,14146382093695120225,2047,256,256,256,4.9960036108132e-16,0,0.48548177615703,a933eba1286a7ead607949d4c15016ace38cd0c5b592f79629e59dfac116afaf,b5f48b19480a0ca944f02bf6a8d2fb89e868bb1e99eb5d56de79c58a8c13e48a,add443ef9ba6d45bdf58392b34c478ccffd5e741b6595d595d3006393a6209c7,True,True,98b16964403e5432722f24384519a6499bfcf02f1cdc6e093f43df565cb3a0b9,7407b4dc8f618c1607ffe6ee4719976868db4a0d398e38c7ee5acde997e85fab,True,0,0,1,16,1e-13,,True
wheel_W4__b8__leaf_offset0,47,False,12,14,3,8,3,seeded_random_complex,prog2_step2_tensor_seed_v1,0,2373590469391356975,3047,6561,256,256,8.88178419700125e-16,0,2.09508211179276,60f1008691c2af815f6add6c8dfac67e2f2e0e2ca85f2a046c002327b3491097,5253db213d34b71fc6d07041d143a4176cd73f1bc7e766ef8d80f072f08b89ed,f52429f6ddd166c088b9affc3765c7d88b212e328159e6aa68439186c3134774,True,True,a0b4300354e2094a9682fd3079fdcae44a73a27b3accf5d33d3799b0fe95c027,f7eef35fea3489a84657347a26888b04a251d5d918a803b7ed5f7a7b8d3b88f2,True,9.10401112602761e-14,3.22368507796101e-12,1,81,1e-13,,True
wheel_W4__b8__leaf_offset0,47,False,12,14,3,8,4,seeded_random_complex,prog2_step2_tensor_seed_v1,0,3753013234688757803,4047,65536,256,256,8.88178419700125e-16,0,2.90855387583293,6e5e1f3e655d016fe54b37871f1b61b330b4977444afa1e2d9f10d83cea47805,dc158c6e6007fd22d38af43407c11c7a9bca1c4a363cfe6fb6a3848eeac6a785,b92c7377b70304c5da56dd5db016fa72cb02ec6fa8fa66e07e7b8efa3f19d043,True,True,2bd082792fd42ed74a0c7305ea905a536e51f14a8fdda0af16dab161dc4c3c0f,86abf3a9e6688117df30bc006ef5aecc7ccea98c61d243efd203a85633036030,True,3.05938846003882e-13,1.08169741398467e-11,1,249,1e-13,,True
wheel_W4__b8__leaf_offset1,17,False,12,12,2,8,2,structured_copy,,,,,256,256,256,0,0,0.693147180559945,7ac7deb093145a90708381d598044d59964fa49766b501844328930f43adf789,,,,,819934520e03d1d5ccb8f60aad50708c7758a8977962735a307631d9009be2b2,,,0,0,1,2,1e-13,delta_y|inseparable_vertex_contraction_parallel_sum|delta_y|inseparable_vertex_contraction_parallel_sum,True
wheel_W4__b8__leaf_offset1,17,False,12,12,2,8,2,seeded_random_complex,prog2_step2_tensor_seed_v1,0,4381188463171284295,2017,256,256,256,5.55111512312578e-16,0,0.979262612747406,71192c581c4797fcd0f27e2330f3ece6707bd3b6a09b559c2afe600f26bbcc87,12a44b8ab49fb92aa54c298132e69c63fab940b960a6a899845cf66e8b3c3d82,f994f928d0601435411c2a06eea0dc035549d1ce3b8cf9c34184a015dcb212c0,True,True,0388c1eb5a835068451f47e7db6657b7d7d79998b9884f624b98aca63d03db7e,79cc9f99ce6997b2305dbea5250b1787fa55c4804c0c3acc4ad3ee4716abd0dd,True,1.44634027531922e-32,1.11399639949665e-30,1,16,1e-13,delta_y|inseparable_vertex_contraction_parallel_sum|delta_y|inseparable_vertex_contraction_parallel_sum,True
wheel_W4__b8__leaf_offset1,17,False,12,12,2,8,3,seeded_random_complex,prog2_step2_tensor_seed_v1,0,12870778407837232017,3017,6561,256,256,8.88178419700125e-16,0,1.55474093497684,1d5fda5f411156cc24489b63e4a3a5008bfb108728b38ebfa4eb32615ddc5494,75cea2b86c74347474ffe328757093ebf00e98b4b7999e84c9289bb91c19384f,54c4513be0fdffd5e796ea1d126789830ac2b8edffa193b6e4cb575ed003b66d,True,True,ea3898e67fed7a54a83cedfa23b593be6212398b29dae585fc99d49149ca2cc5,43a4dbc8e5bf6f9bc79ae8ac6f1d7fc69e9ab2d558be84d8eaf665c844eacdf2,True,1.88358990408675e-13,6.53275190056282e-12,1,81,1e-13,delta_y|inseparable_vertex_contraction_parallel_sum|delta_y|inseparable_vertex_contraction_parallel_sum,True
wheel_W4__b8__leaf_offset1,17,False,12,12,2,8,4,seeded_random_complex,prog2_step2_tensor_seed_v1,0,6447246694119148512,4017,65536,256,256,1.33226762955019e-15,0,3.26039364790492,1be357b060d5c3ffa48d466b8ba632d6ee8b88f4115ad02badd49d9d084f5f77,9f2b9cc917e549fad38893b096aee0483377c1a526338acd46b27fdb938c1e60,f693c3902e4061c37e700e18adcdd3d6f7f7914e715b94050483c0c3a4748cf0,True,True,58b19513806b4f100652c2d1f12c0537878ceab92778f3ae1f65b4b89dd6c5e8,cfd1911e283e887fd082faa58c5bf6c4e19790caeff8bf8f2d603168cf137495,True,4.13459889591281e-13,1.44940346557341e-11,1,256,1e-13,delta_y|inseparable_vertex_contraction_parallel_sum|delta_y|inseparable_vertex_contraction_parallel_sum,True
wheel_W4__b8__leaf_offset1,31,False,12,12,2,8,2,structured_copy,,,,,256,256,256,0,0,0.693147180559945,7ac7deb093145a90708381d598044d59964fa49766b501844328930f43adf789,,,,,819934520e03d1d5ccb8f60aad50708c7758a8977962735a307631d9009be2b2,,,0,0,1,2,1e-13,delta_y|inseparable_vertex_contraction_parallel_sum|delta_y|inseparable_vertex_contraction_parallel_sum,True
wheel_W4__b8__leaf_offset1,31,False,12,12,2,8,2,seeded_random_complex,prog2_step2_tensor_seed_v1,0,4381188463171284295,2031,256,256,256,7.7715611723761e-16,0,0.912493602120585,dc75a4ca908aed59e0f8922d96fbf5978afadba6c220965b9a3ceb4d60389655,2b41dd0bd8912136bcff44e0e7ef1ab86928f3c97ac6449711c30ff5ee330d7e,bc3c34c15c8c9a51edca0ecd92d3fd4344a802ee58ada5b71fd9e2c2caacdd21,True,True,853bc02e34daa484aaf07a935719c1dbd0f8d86bc9c44e21d06c0d7292b2c847,c580656b66e4b9eb62878320392d717f5b14da9f4a4410719982f121a0e9727d,True,1.84806856452752e-32,1.41888480278672e-30,1,16,1e-13,delta_y|inseparable_vertex_contraction_parallel_sum|delta_y|inseparable_vertex_contraction_parallel_sum,True
wheel_W4__b8__leaf_offset1,31,False,12,12,2,8,3,seeded_random_complex,prog2_step2_tensor_seed_v1,0,12870778407837232017,3031,6561,256,256,1.11022302462516e-15,0,1.68196831311894,2d3e4fde9101370af545cd060ffc55e337c2e211d0b8b793d48513f25b456382,8e5bd02cccb4b21073f4d6a8eaa5cfd459e5523d77f83a97baf9bd807a065467,827c0381bdde05454d143b347383cf6bd385e838fb4dc2a92ffdfb2f2c47e9c8,True,True,01a9c66298941008db9eaa41487f2cb22555751b7651d088477c6460fb3ee2da,2a70a9447236e35c2742be845cfb269066a367c4373477134a5cbce00afc56f3,True,1.5626960366723e-13,5.44899923417972e-12,1,81,1e-13,delta_y|inseparable_vertex_contraction_parallel_sum|delta_y|inseparable_vertex_contraction_parallel_sum,True
wheel_W4__b8__leaf_offset1,31,False,12,12,2,8,4,seeded_random_complex,prog2_step2_tensor_seed_v1,0,6447246694119148512,4031,65536,256,256,1.77635683940025e-15,0,3.0077254549797,252eb4beb11a02646157a4f0257d436e6667ff88f2bfaf9949648b9e8f20c993,9c95c08cbc14351ae34c84424e2f1c2e8cbbe8828e2e12b25345260062bbacd2,d5d2503e0499afe93cf2912ecddd272ad50dc23065c275c987a520c2441b5907,True,True,9a56d90e96246f4a394e1fa8fd665d846bc42920d8131fbdf2f5c555495e1f26,c3e59c8e3e5cdba254395965dfcfab8f2cbcc356243fe46a8365e3f446c21a65,True,3.27478375984049e-13,1.15562592854286e-11,1,256,1e-13,delta_y|inseparable_vertex_contraction_parallel_sum|delta_y|inseparable_vertex_contraction_parallel_sum,True
K23_bipartite__b6__leaf_offset0,31,True,9,9,1,6,2,structured_copy,,,,,64,64,64,0,0,0.693147180559945,432cd3ddf985ad9d1f7de18dac5ec04d5fea34dbaede1a6651b227ffd756d3dc,,,,,778f9d9175f3064131dbe7350e03b72a4b8e463cf5960a1ffac532ebfb4f520b,,,0,0,1,2,1e-13,inseparable_vertex_contraction_parallel_sum|y_delta|delta_y|series_bivalent,True
K23_bipartite__b6__leaf_offset0,31,True,9,9,1,6,2,seeded_random_complex,prog2_step2_tensor_seed_v1,0,14254719765669329299,2031,64,64,64,4.44089209850063e-16,0,0.722622503965474,dd4f6eed09a3eef0f5d8e107b8fd437c45f6ad6f8c6892916f1aa09734a14fc7,7553b5900fe5cf46c9d295a8c1d67b6dc8e21879f1e3bc689519e4ef4b328cf4,374a81bacfdeca68a307bf07ab25f6808c130bd27c058005e39863f797f70134,True,True,b27a0ae75a10f9fe81e01e3aad492c83decbe825b966d4f1f5436c2c9618019e,4c45ff1f7a193f51cbf4c5948996e13db54031182b32eac881c90b520cd89e2c,True,1.36164499110101e-32,1.03920663482585e-30,1,8,1e-13,inseparable_vertex_contraction_parallel_sum|y_delta|delta_y|series_bivalent,True
K23_bipartite__b6__leaf_offset0,31,True,9,9,1,6,3,seeded_random_complex,prog2_step2_tensor_seed_v1,0,12780499797021211809,3031,729,64,64,7.7715611723761e-16,0,0.842170316908018,adce3f70f2e374c60394ae0b422f8523099129710e736022e72258717bcf338c,1a86dad17d4484e8ce5e4a9f438f6804e09c7ae0b7b0f8c6179ced2e63a5696e,7cbbe8dffbf0011e5bdea5220ace5127a084096b07990f9721d319879ee49797,True,True,5594e033183985bc2f8714f4b29aa5d98b56f41fcbe35ca75777ddf89bc53f90,2ffbe114643e606f4b99a0df74cef96ef6f6a164f1dd03c83f4e6efa91813838,True,1.67299372637908e-32,1.295335549576e-30,1,27,1e-13,inseparable_vertex_contraction_parallel_sum|y_delta|delta_y|series_bivalent,True
K23_bipartite__b6__leaf_offset0,31,True,9,9,1,6,4,seeded_random_complex,prog2_step2_tensor_seed_v1,0,2114027019818387734,4031,4096,64,64,1.33226762955019e-15,0,1.91531101516207,f05abc770760e2e3703e18837ea7a8ef18c3687bc067ea5150c968cb5afee7f5,4a2b613ffb7f2ae6451f1ff9c7224f56dc26faba583a701d7827dd96d05c3593,aa00988c95fb9a1101be404ab8bf696a26cdc93e8c9a64507c36bc3339ef6fc9,True,True,585390e4791da193c57678e56fe511fef79d2b122bf78bbd73396924eb6cc996,e9f1b269d1db1d75a1714e508223beed2e1d6edf5bc0f5ef1877c83eeeaa3bb4,True,3.25448823588435e-14,1.17810166671079e-12,1,64,1e-13,inseparable_vertex_contraction_parallel_sum|y_delta|delta_y|series_bivalent,True
K23_bipartite__b6__dual_gateway,47,False,9,9,1,6,2,structured_copy,,,,,64,64,64,0,0,0.693147180559945,432cd3ddf985ad9d1f7de18dac5ec04d5fea34dbaede1a6651b227ffd756d3dc,,,,,778f9d9175f3064131dbe7350e03b72a4b8e463cf5960a1ffac532ebfb4f520b,,,0,0,1,2,1e-13,inseparable_vertex_contraction_parallel_sum|y_delta|delta_y|series_bivalent,True
K23_bipartite__b6__dual_gateway,47,False,9,9,1,6,2,seeded_random_complex,prog2_step2_tensor_seed_v1,0,733705568333934521,2047,64,64,64,5.55111512312578e-16,0,0.965443188896501,738ac1d5d6444ca6c146d6b423459dc82cbdc3c9393ae9c479d4999e5c07d749,e6bfc6510731bfc1d7130e3da4cebd7a82d0e1116cc45da0a704833e699c019b,8c8d40ee88e2b88d5a9be0ca7723bff1c7e02132588dc8eb27a8112d8a642035,True,True,81642410bb376c326b000b39177dfa84213d628700615ef42533e26045425b9d,c871196ad3e6bea5817a6172e4203555fd96a473e750622b4f4338ee0adbcca2,True,1.35741157379691e-32,1.03601796159147e-30,1,8,1e-13,inseparable_vertex_contraction_parallel_sum|y_delta|delta_y|series_bivalent,True
K23_bipartite__b6__dual_gateway,47,False,9,9,1,6,3,seeded_random_complex,prog2_step2_tensor_seed_v1,0,15242654670167263785,3047,729,64,64,6.66133814775094e-16,0,1.28165370738485,e619f7e4677c4e7af7448baa2449b6c8a703893e462ab1162236c0543cbdfc70,7dfddde2de0a7de07686268f385ffe6f16539b809e6f2d7282ad04d116fa6831,d0d83a5d80b70a2790b2fb7bf7908c3b097fca545ab444332a8e4e1c289c58bb,True,True,3ee5e2a6819859b2ca129b190a32bf85fd4769d430601d887464a6dcfb376e94,e2a789d82f02a56a9fbb93db71900f59a84e2438c1c41134a5eab624b7ac4af6,True,1.7504792498058e-32,1.35453712131753e-30,1,27,1e-13,inseparable_vertex_contraction_parallel_sum|y_delta|delta_y|series_bivalent,True
K23_bipartite__b6__dual_gateway,47,False,9,9,1,6,4,seeded_random_complex,prog2_step2_tensor_seed_v1,0,15864506692239800399,4047,4096,64,64,8.88178419700125e-16,0,2.11292311104073,606e1436881da66ec53282b311350dd7c0a0a897c7227c94e1ed7dcd098fd1d5,aabd5fba62e1de09dc1097c6321864b95407718412719d53b030c714d6cab2e4,740615afd392ae6e29e74861124bfa25ea7b81d91165c1bb9a2611d43829638f,True,True,c85d58a5fc18397b94974a39c676859c9bb808589a5d902f1eec319fd613b58d,174ec6248ed3447bbf049f12530393ed8fc5b0b4e71dcdec45f68d8a7cb7d891,True,7.28074438843568e-14,2.57695343412285e-12,1,64,1e-13,inseparable_vertex_contraction_parallel_sum|y_delta|delta_y|series_bivalent,True
K23_bipartite__b7__leaf_offset1,47,False,10,10,1,7,2,structured_copy,,,,,128,128,128,0,0,0.693147180559945,cb0acc1e89172c950cb2c1838e736f6d89d480a31f65e8c458cd2fa18434835a,,,,,38d434196ac1832fe665985c9aefc7784d1cdc592e109489470d0e690518a1b5,,,0,0,1,2,1e-13,inseparable_vertex_contraction_parallel_sum|y_delta|delta_y|inseparable_vertex_contraction_parallel_sum,True
K23_bipartite__b7__leaf_offset1,47,False,10,10,1,7,2,seeded_random_complex,prog2_step2_tensor_seed_v1,0,3866071868425332299,2047,128,128,128,5.55111512312578e-16,0,0.607863236642446,cc1db1fcf71b8e3657aa4cc458e5d03803cabcd8e4cd790f3c20daff74d6d989,1fe40fd77201d02eaaab1db9850435758136865fc56a309e05bd09ed1961d4c0,59b1bda26239fa236235dedb58bdee311214dffa74c50ab02b4ea7bca5a288c4,True,True,2a7c8a196fd3aae91027ad39b3a284ab1eeb168d0b317f257bef3e5918afced2,3b788cda7291e3a640ba12bc84d808b81fde6eab10f0bd8733cacf951be1144c,True,1.93279368235681e-32,1.46833691780401e-30,1,8,1e-13,inseparable_vertex_contraction_parallel_sum|y_delta|delta_y|inseparable_vertex_contraction_parallel_sum,True
K23_bipartite__b7__leaf_offset1,47,False,10,10,1,7,3,seeded_random_complex,prog2_step2_tensor_seed_v1,0,4990030657610029402,3047,2187,128,128,8.88178419700125e-16,0,1.52249464372607,629944942307f0617bfa686c161e6acf08e1de3f6993850c1380245ef6bbc494,127fc2e90e65f2bad621305d4c1b62cc7c5a0f7489b29931aa07d838072c9bd7,74cfa5ad01a81fdb34cf2c705d9d35939232a7afd569ac177b734d99b678afd1,True,True,f0f8de1c62c52cc13358d99f8e27c5cb5cefa477b699d7e4af2d63fd519c4e06,09127a1a24482632f6441a68ef726a4ea64b2be947806fa13f89178c9701fcc3,True,2.46513495716247e-32,1.89910479249858e-30,1,27,1e-13,inseparable_vertex_contraction_parallel_sum|y_delta|delta_y|inseparable_vertex_contraction_parallel_sum,True
K23_bipartite__b7__leaf_offset1,47,False,10,10,1,7,4,seeded_random_complex,prog2_step2_tensor_seed_v1,0,3427817971332979814,4047,16384,128,128,1.33226762955019e-15,0,2.67410155868117,9953c5f80a9dd54a33b269d4760e3b762a630d396dcf2ce9414a25d22ef7724a,5b08b28c599daa48c5350bac03ad232b87aedec7e94298341c500342145a0ebd,4995993ebb5af13c253b470d000f5cfbc052d6bf805dca247d8abb1d0f10b0ad,True,True,bd880a73a00a6d4cc12b8227fba1d157c6d8e2c09bd12158fa031f1054471c12,fdae8c7660bbd18c98d5d0b92701cb934e81d1c09b4277bf904a3f0b08caa3a1,True,8.96830750075587e-32,6.87260781859219e-30,1,64,1e-13,inseparable_vertex_contraction_parallel_sum|y_delta|delta_y|inseparable_vertex_contraction_parallel_sum,True
K23_bipartite__b8__leaf_offset0,17,False,12,13,1,8,2,structured_copy,,,,,256,256,256,0,0,0.693147180559945,7ac7deb093145a90708381d598044d59964fa49766b501844328930f43adf789,,,,,819934520e03d1d5ccb8f60aad50708c7758a8977962735a307631d9009be2b2,,,0,0,1,2,1e-13,y_delta|delta_y|series_bivalent,True
K23_bipartite__b8__leaf_offset0,17,False,12,13,1,8,2,seeded_random_complex,prog2_step2_tensor_seed_v1,0,3703529493963304645,2017,256,256,256,6.66133814775094e-16,0,0.820027555038753,3e5887cd3d56e98157c5c185365126c7501da8363fd373f904f9541c25ffe92d,e1aa4ccbf0925e9e3be720c965b66a14c76e874386273d06a58095c8d70c194a,d80d7edd303ddd042504e88ffce36ca00aad0b051ad20f85214f87074e41ec51,True,True,e527069c2937e1ace170b31499d80db90c8666c6d719bf2e869005ca82537702,ecf6101ad2c579667dc1e3168370d54a8d750ce06a1203adfcb0164aba9d2109,True,9.64016440062011e-33,7.46413058951432e-31,1,16,1e-13,y_delta|delta_y|series_bivalent,True
K23_bipartite__b8__leaf_offset0,17,False,12,13,1,8,3,seeded_random_complex,prog2_step2_tensor_seed_v1,0,13176630400643951686,3017,6561,256,256,8.88178419700125e-16,0,1.92944549441346,3834724bb2cf2b312e945f528019b949a4e7e04160b3a33fa3cfc0bf4d5c991a,c9c0d64f70b595c3afe0cb27efdb5780b741d2c3348af8489ffa68605f930060,88174c0e3a23b6d59ad1661dc0b98e43c7ca242ff7fc8c8cc474a863e343b698,True,True,4db78b96d3fc31a89b1b5d5a52644e682a298850e8bb50a9c9fa68bac0d4eee8,200d37154c7f4b5a42d89a3c596fa9e904f428e3045fec2011f049a47f2c6138,True,8.96574458128346e-14,3.17609769419499e-12,1,81,1e-13,y_delta|delta_y|series_bivalent,True
K23_bipartite__b8__leaf_offset0,17,False,12,13,1,8,4,seeded_random_complex,prog2_step2_tensor_seed_v1,0,1142792656414918758,4017,65536,256,256,8.88178419700125e-16,0,2.99618057491792,42ba93954dd3335efc2528d479242d626bf3ad0d8adb5dccda751d6d887577b5,5a7ddddaa9d1213afa48c6e864f9352c6820a06f9d80ad5f3264662387f6aaab,c76581eef24212a0ef826a0d9e5d4e8fb759fcd7028b69e59667bae32694e117,True,True,5b111eabbc7ddb8f9c2f4b69953f6de38734e94bc7dcb0d402d2d93e0a129013,9d3fed8e69ef26a648f005e8f1e57e23c6a704f786b1597024b06f93aedc59a4,True,2.32615146647402e-13,8.28822994102379e-12,1,256,1e-13,y_delta|delta_y|series_bivalent,True
K23_bipartite__b8__leaf_offset1,17,False,12,12,1,8,2,structured_copy,,,,,256,256,256,0,0,0.693147180559945,7ac7deb093145a90708381d598044d59964fa49766b501844328930f43adf789,,,,,819934520e03d1d5ccb8f60aad50708c7758a8977962735a307631d9009be2b2,,,0,0,1,2,1e-13,inseparable_vertex_contraction_parallel_sum|delta_y|inseparable_vertex_contraction_parallel_sum,True
K23_bipartite__b8__leaf_offset1,17,False,12,12,1,8,2,seeded_random_complex,prog2_step2_tensor_seed_v1,0,13350091245794449380,2017,256,256,256,3.88578058618805e-16,0,0.344678759551442,4f972438450dc4b42973d74ca15ae510208cf04bc4edd4037660b0e6b729c56d,394a16cd33a88ba10f3f78a9e9990be41b24a23d007efdc0e91995c2ea10cb09,205f0e38272ac55bd0315fd73acc9c00bc40f6c5a5dde7133f49d45ac2375859,True,True,276746e50ee8d6b5257a434860dee98a6349b2151cc0fce4d3e7954239bff9c0,0fa6c04dc1f90cc748c6e0ac47157d5c6cc1574df9cdc9ec84fbcf0eab71faac,True,1.50447276394678e-32,1.158178197877e-30,1,16,1e-13,inseparable_vertex_contraction_parallel_sum|delta_y|inseparable_vertex_contraction_parallel_sum,True
K23_bipartite__b8__leaf_offset1,17,False,12,12,1,8,3,seeded_random_complex,prog2_step2_tensor_seed_v1,0,12025844511872995686,3017,6561,256,256,8.88178419700125e-16,0,1.76006474390338,1ebc7aa518ae50e7dd1c6b4997edbe53344d47e9900170b32779536f1942316d,70bfcee2c35dd4e9117ce753c8f14c1ef814468d12c0d31c20c1192867c5e289,99f72ba0d958ef6fc95058283c3f154f1b5e6bdd2e7c2ddd371e01caea0be527,True,True,9ebf7e83fcebb088f3eca33bc2142293bc4f5ead0335b6e330795a5d68e88465,dd0778373a6e3412ea151332122dcde53a8277521caf3ab2d769e2d0bb1d79b1,True,1.57554174783183e-13,5.49250139095481e-12,1,81,1e-13,inseparable_vertex_contraction_parallel_sum|delta_y|inseparable_vertex_contraction_parallel_sum,True
K23_bipartite__b8__leaf_offset1,17,False,12,12,1,8,4,seeded_random_complex,prog2_step2_tensor_seed_v1,0,4355433224370306958,4017,65536,256,256,1.66533453693773e-15,0,2.7380233086904,245d80a438b740d767d5f08f3fa8ab3fb114201b8630efc7e2e38929abc7e1e6,b297d7cf40ebb40deadf4b2febfc45ec7c2aa3a06711299f612d323f7a3662c7,b64c3be21dc3cbd05f8ad614a49572d0dbbd707abc85a714a284a97d99376b9e,True,True,9b4b1007b1186b689aa50615e33005dc29eedee2685d8752123654d57675d23b,ecf6804e39fab133184f102d01e6b045c4f0c84223483c1121d64dfd05f1ca39,True,3.96361219231654e-13,1.39113727033002e-11,1,254,1e-13,inseparable_vertex_contraction_parallel_sum|delta_y|inseparable_vertex_contraction_parallel_sum,True
K23_bipartite__b8__leaf_offset1,31,False,12,13,1,8,2,structured_copy,,,,,256,256,256,0,0,0.693147180559945,7ac7deb093145a90708381d598044d59964fa49766b501844328930f43adf789,,,,,819934520e03d1d5ccb8f60aad50708c7758a8977962735a307631d9009be2b2,,,0,0,1,2,1e-13,y_delta|delta_y|inseparable_vertex_contraction_parallel_sum,True
K23_bipartite__b8__leaf_offset1,31,False,12,13,1,8,2,seeded_random_complex,prog2_step2_tensor_seed_v1,0,13350091245794449380,2031,256,256,256,8.88178419700125e-16,0,0.661712169143767,81d79383eb4ebd71ecf10c23136b11cee0c0427864d3ac5921f3503520bae89f,7f67720acd35ed75b67b923b8d6564dcdea1e4a908313c2c33f81e16253a13da,26827bc842de65f1853f19c77f60a8d249751c3674e1578801d83e262dd011b4,True,True,d57e0fa91e76b28347f248ac3841c48378d55237a02e0beac9e9f07142b83b90,8b94e6fe58041bb780c652b694aa2a8077e18f01692027cc25d8c17d4904faf8,True,7.1945574178793e-33,5.59161243131741e-31,1,16,1e-13,y_delta|delta_y|inseparable_vertex_contraction_parallel_sum,True
K23_bipartite__b8__leaf_offset1,31,False,12,13,1,8,3,seeded_random_complex,prog2_step2_tensor_seed_v1,0,12025844511872995686,3031,6561,256,256,1.11022302462516e-15,0,2.04600236339553,cf6153a1e468052f965541677d9e31b8c3be4bc2b336628fc645c8591c1319db,45d7d618dbcd6dc12f31d19c6c96bc079c0966960f37dc29c5da6886983810e0,d51c5695ce4a2b921a33793ee0793f9434334986729a2bab402eef2e07f7e613,True,True,9e8c87378eb75f3d2e6e88628385f5974e2e38ab3eb9d7e19451f5a603438105,a315e906017e6f6a995cb87361e4364ac5d58817fc3046e10ebf1e1eced79cb9,True,1.81236192222047e-13,6.29270217804188e-12,1,81,1e-13,y_delta|delta_y|inseparable_vertex_contraction_parallel_sum,True
K23_bipartite__b8__leaf_offset1,31,False,12,13,1,8,4,seeded_random_complex,prog2_step2_tensor_seed_v1,0,4355433224370306958,4031,65536,256,256,8.88178419700125e-16,0,3.19378695181112,902c69bd68747f194861d0f02dd296b6a78539c1ccfb6675bce5973c7c2f17d8,4c83016913181c625fd89638997912dfb140f3e908a2605ee9a151243c264305,21b7dc3de1fbdaecfefde28251ad0fdb28fdbe3448ac5abdfa542d7fd6db1d4b,True,True,b3f41645c23fc59a66472b4f1c4728510c945e3ab93d03b03e3baf5f2d656f8a,d8e4aca8c45cf056062cabf599367f88a53657712c3bddbeff4b022646c7f750,True,3.00624043728999e-13,1.06343288789202e-11,1,255,1e-13,y_delta|delta_y|inseparable_vertex_contraction_parallel_sum,True
K23_bipartite__b8__leaf_offset1,47,False,12,13,1,8,2,structured_copy,,,,,256,256,256,0,0,0.693147180559945,7ac7deb093145a90708381d598044d59964fa49766b501844328930f43adf789,,,,,819934520e03d1d5ccb8f60aad50708c7758a8977962735a307631d9009be2b2,,,0,0,1,2,1e-13,y_delta|delta_y|inseparable_vertex_contraction_parallel_sum,True
K23_bipartite__b8__leaf_offset1,47,False,12,13,1,8,2,seeded_random_complex,prog2_step2_tensor_seed_v1,0,13350091245794449380,2047,256,256,256,8.88178419700125e-16,0,0.661712169143767,81d79383eb4ebd71ecf10c23136b11cee0c0427864d3ac5921f3503520bae89f,73d211ec61f809fcdec9ae83850aaf491fb284f5248da9d5e7e733119ec592d9,63679e6e65f45b4587f7bc94bccf008831e902b935cdd65f55d565f339644ec0,True,True,d57e0fa91e76b28347f248ac3841c48378d55237a02e0beac9e9f07142b83b90,596cb69486bf7dba251268cc406da98d2f79d64b8869e550605549102ad40450,True,7.1945574178793e-33,5.59161243131741e-31,1,16,1e-13,y_delta|delta_y|inseparable_vertex_contraction_parallel_sum,True
K23_bipartite__b8__leaf_offset1,47,False,12,13,1,8,3,seeded_random_complex,prog2_step2_tensor_seed_v1,0,12025844511872995686,3047,6561,256,256,1.11022302462516e-15,0,2.04600236339553,cf6153a1e468052f965541677d9e31b8c3be4bc2b336628fc645c8591c1319db,2603de44763c8b5214320d020791acc2b7d58d4f8e05e5029e1c81beb6ede010,a0bc1246052270b2753ec560e7af779103dfb86efc8ac16c6b3f39139f70b439,True,True,9e8c87378eb75f3d2e6e88628385f5974e2e38ab3eb9d7e19451f5a603438105,c8c9ade61ab5debc6b463b1a248266f7b581aa423e459614c4fc4819dffbd94f,True,1.81236192222047e-13,6.29270217804188e-12,1,81,1e-13,y_delta|delta_y|inseparable_vertex_contraction_parallel_sum,True
K23_bipartite__b8__leaf_offset1,47,False,12,13,1,8,4,seeded_random_complex,prog2_step2_tensor_seed_v1,0,4355433224370306958,4047,65536,256,256,8.88178419700125e-16,0,3.19378695181112,902c69bd68747f194861d0f02dd296b6a78539c1ccfb6675bce5973c7c2f17d8,08b46f23842d245e40586c6b87818eebacbaf8389298ce71aae52661f828f290,e50d93925455aedbcfddaed7fb3a37682ba8f5bacead16dca93b58a1a2997073,True,True,b3f41645c23fc59a66472b4f1c4728510c945e3ab93d03b03e3baf5f2d656f8a,24630f435e61782c53246b355727fb75dd2fc87b87ba78025e4e1c5bbb3c228e,True,3.00624043728999e-13,1.06343288789202e-11,1,255,1e-13,y_delta|delta_y|inseparable_vertex_contraction_parallel_sum,True
K23_bipartite__b8__dual_gateway,17,False,12,12,2,8,2,structured_copy,,,,,256,256,256,0,0,0.693147180559945,7ac7deb093145a90708381d598044d59964fa49766b501844328930f43adf789,,,,,819934520e03d1d5ccb8f60aad50708c7758a8977962735a307631d9009be2b2,,,0,0,1,2,1e-13,inseparable_vertex_contraction_parallel_sum|delta_y|inseparable_vertex_contraction_parallel_sum,True
K23_bipartite__b8__dual_gateway,17,False,12,12,2,8,2,seeded_random_complex,prog2_step2_tensor_seed_v1,0,16343755727058208129,2017,256,256,256,6.66133814775094e-16,0,1.26265415800624,a8e1649890dc2651216154c59eba741d8718b72260cd7d9e1106f0944edf2ecb,394a16cd33a88ba10f3f78a9e9990be41b24a23d007efdc0e91995c2ea10cb09,205f0e38272ac55bd0315fd73acc9c00bc40f6c5a5dde7133f49d45ac2375859,True,True,146665b1a5d013b6f759837591412cfd9d18f85f51115f055656fdd0f9a59851,0fa6c04dc1f90cc748c6e0ac47157d5c6cc1574df9cdc9ec84fbcf0eab71faac,True,3.31520576790083e-32,2.52592998217646e-30,1,16,1e-13,inseparable_vertex_contraction_parallel_sum|delta_y|inseparable_vertex_contraction_parallel_sum,True
K23_bipartite__b8__dual_gateway,17,False,12,12,2,8,3,seeded_random_complex,prog2_step2_tensor_seed_v1,0,10688727700433039562,3017,6561,256,256,8.88178419700125e-16,0,1.61798127271404,c13ded29a08893797408886783e7642655a6d37ecdf8988f7c4e6ae758993e95,70bfcee2c35dd4e9117ce753c8f14c1ef814468d12c0d31c20c1192867c5e289,99f72ba0d958ef6fc95058283c3f154f1b5e6bdd2e7c2ddd371e01caea0be527,True,True,f11ea809168e9874a8d470e9522bdba77ef1453f70d3e13170b8308062c01930,dd0778373a6e3412ea151332122dcde53a8277521caf3ab2d769e2d0bb1d79b1,True,1.50991117493458e-13,5.2701308535804e-12,1,80,1e-13,inseparable_vertex_contraction_parallel_sum|delta_y|inseparable_vertex_contraction_parallel_sum,True
K23_bipartite__b8__dual_gateway,17,False,12,12,2,8,4,seeded_random_complex,prog2_step2_tensor_seed_v1,0,3249460572164320794,4017,65536,256,256,1.33226762955019e-15,0,2.68347484825466,ebe58400486aa617d352bf87eb4bd38635f47b3864b50cbb18189ee5e7954e4c,b297d7cf40ebb40deadf4b2febfc45ec7c2aa3a06711299f612d323f7a3662c7,b64c3be21dc3cbd05f8ad614a49572d0dbbd707abc85a714a284a97d99376b9e,True,True,d72bd5156637deb8b1ef793b1d9a7786d47b114966cc171d658cf6428d499db5,ecf6804e39fab133184f102d01e6b045c4f0c84223483c1121d64dfd05f1ca39,True,3.25487543562788e-13,1.14879903294908e-11,1,255,1e-13,inseparable_vertex_contraction_parallel_sum|delta_y|inseparable_vertex_contraction_parallel_sum,True
K23_bipartite__b8__dual_gateway,31,False,12,13,2,8,2,structured_copy,,,,,256,256,256,0,0,0.693147180559945,7ac7deb093145a90708381d598044d59964fa49766b501844328930f43adf789,,,,,819934520e03d1d5ccb8f60aad50708c7758a8977962735a307631d9009be2b2,,,0,0,1,2,1e-13,y_delta|delta_y|inseparable_vertex_contraction_parallel_sum,True
K23_bipartite__b8__dual_gateway,31,False,12,13,2,8,2,seeded_random_complex,prog2_step2_tensor_seed_v1,0,16343755727058208129,2031,256,256,256,7.7715611723761e-16,0,0.908030168096626,e6ce9aaaec19d27672eb55bf8b2e58a1b3f26bbc6a41cf7e563be67f6a3047cf,ff98654c31841cb93f6a21addf33f6090b3084a84fa5974de4caba27d337a374,d0cf17fc6acf22d88c56df75854f066d8621e455f04800c09144f7760c12fd80,True,True,2e9e37512bb3d796d1b80e9629030c396e6f767429c70d4b8befea5b19744397,cf6fccf1bed96b17ed48c513d4621846ff88daa918fadd7822387b6f66cfa470,True,5.96199740676755e-33,4.64487012021264e-31,1,16,1e-13,y_delta|delta_y|inseparable_vertex_contraction_parallel_sum,True
K23_bipartite__b8__dual_gateway,31,False,12,13,2,8,3,seeded_random_complex,prog2_step2_tensor_seed_v1,0,10688727700433039562,3031,6561,256,256,1.11022302462516e-15,0,1.98199602700878,99608c49090fab875f3c496623c5613202874751a0099ab0170f9421fb3cf16e,a91a001e0571a5c0bd7d82fc18066d2b5948d198274f60cfca6515d2256ba9d6,59349913d526e5fe0c68bb9134d22272f4d0319ff3888aeb9569fcf4927e09a9,True,True,58584198bc68a7ff7bfdf37387d4fbe1e55680827373a67691a491e3e85e66b2,5fddba038c68d61de3ff2cceba661fe3746cc58080fe545f70f963170c465682,True,9.93933414389536e-14,3.51074356801178e-12,1,81,1e-13,y_delta|delta_y|inseparable_vertex_contraction_parallel_sum,True
K23_bipartite__b8__dual_gateway,31,False,12,13,2,8,4,seeded_random_complex,prog2_step2_tensor_seed_v1,0,3249460572164320794,4031,65536,256,256,2.33146835171283e-15,0,2.88433624104546,b617401ebab5460b14fef6e659b73f9eb8ba7e5a3034828f50e7503048da3c74,12c37cec88fbab3d016e6ca0ef166c7c1d34f1cd8a816e66f652b691b7e9489c,e7f1b09b35edee6fd9bcf862b6bb88608485dfc401538816212d52a444b703ce,True,True,952cf6cedba561c7e2d0e5c27ee5ff78c870040ef0f12e356513a6fc1cc697eb,54b59d825b28ba3bd92c1b3c6495ce14d4cca71592d02f071a0ed6e1253ee675,True,2.95944603833915e-13,1.04734403621447e-11,1,256,1e-13,y_delta|delta_y|inseparable_vertex_contraction_parallel_sum,True
K23_bipartite__b8__dual_gateway,47,False,13,14,1,8,2,structured_copy,,,,,256,256,256,0,0,0.693147180559945,7ac7deb093145a90708381d598044d59964fa49766b501844328930f43adf789,,,,,819934520e03d1d5ccb8f60aad50708c7758a8977962735a307631d9009be2b2,,,0,0,1,2,1e-13,,True
K23_bipartite__b8__dual_gateway,47,False,13,14,1,8,2,seeded_random_complex,prog2_step2_tensor_seed_v1,0,16343755727058208129,2047,256,256,256,6.66133814775094e-16,0,1.26997965072756,b222447ac9b94584df396088f18db3e6f202e3ec050c214bf169382c235c8458,8f0bb74c63a871224d11a6433a59c6cd4baf4b6fa014f5b7d73fe9f48a160742,e5da03edc8d66af888383e74cbff29b49b979c96c10a99d3ae0706ecfc70a93f,True,True,64cf42c633af728d5306fb6e636d2235d3f3808bc6490e80a68e2f96f37e29ca,537937a2b5e3a35b662e6f084906d0d27e59c2ddd1933f11b6e06758c4957ef6,True,9.23772760502446e-33,7.1564733348451e-31,1,16,1e-13,,True
K23_bipartite__b8__dual_gateway,47,False,13,14,1,8,3,seeded_random_complex,prog2_step2_tensor_seed_v1,0,10688727700433039562,3047,6561,256,256,1.11022302462516e-15,0,1.6152777811423,69a5897f2a8d5fd4896beba3db3eeae560a616e7283b16da3f16944be52d4e14,23d42829c66a7b23d53ad9f5253fa0c390dde1c7e472a0b2e34e3a741984db57,960c6cc3385a4286806295a223ebc9e0e739565329506e326f0308c0b56cce21,True,True,e35602274716dba95bba5c41ffdc5e24179e1259f6f36bede3242bc881fafcbe,7e9e87dc572446f2b5cc411429a681abf35ec56f55e9d42efbbb38d408ff654b,True,1.23846460137326e-13,4.34722877705308e-12,1,81,1e-13,,True
K23_bipartite__b8__dual_gateway,47,False,13,14,1,8,4,seeded_random_complex,prog2_step2_tensor_seed_v1,0,3249460572164320794,4047,65536,256,256,2.77555756156289e-15,0,2.84971807767818,dec5b9d6321d3ed4cd5fdcac2606ed32c108eaa9c1ecef211be91c59d68b8ed0,1de6c93b0fc6e8da9b56611a5a391211db1ab9452c5468b7eb8eed3ce8b93bb0,73468d29beb99ce1e23a584fbce2193cf656486bd2ba797254b838ef25fc261a,True,True,f7d20de0ec838d0e875264408ec63feb5fdf1b12915573dd777a3b8f636aa2df,92f68b5b9a306769a4db7bcabff0d1f8652c83f166d7d663e0c5634dae84d00e,True,3.58591073828997e-13,1.26216374352619e-11,1,255,1e-13,,True
