path,expected_sha256,actual_sha256,passes
open_programs/prog3_cut_fingerprints/step2_orbit_saturation/saturation_engine.py,a296f2204d6e1d1aa22b15ffea6d3cb17f8327cf096c757a9141a040b463302b,a296f2204d6e1d1aa22b15ffea6d3cb17f8327cf096c757a9141a040b463302b,True
open_programs/prog3_cut_fingerprints/step2_orbit_saturation/step2_core.py,d474b8a362e6ae5b535ecb293265c1ff4b98a20c725ebd5d7572aa5933dd275c,d474b8a362e6ae5b535ecb293265c1ff4b98a20c725ebd5d7572aa5933dd275c,True
open_programs/prog3_cut_fingerprints/step2_orbit_saturation/fiber_saturation_step2.csv,8711fa029a4828d4bfcc5850ba6753149d13b3c8f93b8b3500afde906bfe5d10,8711fa029a4828d4bfcc5850ba6753149d13b3c8f93b8b3500afde906bfe5d10,True
open_programs/prog3_cut_fingerprints/step2_orbit_saturation/endpoint_saturation_step2.csv,ddaf1a4928db88fab5233419a5241bcbbbc228c8f7f1f0cd1fcf065aa8410dca,ddaf1a4928db88fab5233419a5241bcbbbc228c8f7f1f0cd1fcf065aa8410dca,True
open_programs/prog3_cut_fingerprints/step2_orbit_saturation/statement.md,d695d56780f54ed5bb48cecbc73ad1691fe17604be980d1a751b20840ca0c022,d695d56780f54ed5bb48cecbc73ad1691fe17604be980d1a751b20840ca0c022,True
open_programs/prog3_cut_fingerprints/step3_symmetric_closure/external_input/manager_rerun_log.md,80d863c1998f46bf90e891568d6a37bddbfbe312a71430a9aaaf97c03d2c5c28,80d863c1998f46bf90e891568d6a37bddbfbe312a71430a9aaaf97c03d2c5c28,True
open_programs/prog3_cut_fingerprints/step3_symmetric_closure/external_input/prog3_inverse_series_audit.py,3370a77c3247384d417f06bdd6a6b8dba8a0c7357fe20fabb0237e7c3e5a0079,3370a77c3247384d417f06bdd6a6b8dba8a0c7357fe20fabb0237e7c3e5a0079,True
open_programs/prog3_cut_fingerprints/step3_symmetric_closure/external_input/prog3_transition_census_audit.py,4c1ba2b08d9d3b0803ff92245eca5f45cede6644c56edcaa3aae4f57a33246f6,4c1ba2b08d9d3b0803ff92245eca5f45cede6644c56edcaa3aae4f57a33246f6,True
open_programs/prog3_cut_fingerprints/step3_symmetric_closure/external_input/reviewer_finding_excerpt.md,708778a869d633f179473edaf60c6e9c6f31a4a9d1e83a1517c788fc0db00bd8,708778a869d633f179473edaf60c6e9c6f31a4a9d1e83a1517c788fc0db00bd8,True
