artifact,source_path,claim_or_role,grade
build_script,steps/step29_mode_b_neutral_intrinsic_discriminator_artifacts/mode_b_neutral_intrinsic_discriminator_step29.py,Neutral intrinsic predicate computation over the Step 28 P2 carrier,finite-carrier-diagnostic
predicate_summary,steps/step29_mode_b_neutral_intrinsic_discriminator_artifacts/predicate_summary_step29.csv,Atomic rewrite-packaging narrows carrier and keeps target but does not distinguish it,finite-carrier-diagnostic
predicate_counts,steps/step29_mode_b_neutral_intrinsic_discriminator_artifacts/predicate_counts_by_structure_step29.csv,Per-structure predicate survivor counts,finite-carrier-diagnostic
predicate_survivors,steps/step29_mode_b_neutral_intrinsic_discriminator_artifacts/predicate_survivors_step29.csv,Full predicate survivor list,finite-carrier-diagnostic
reference_status,steps/step29_mode_b_neutral_intrinsic_discriminator_artifacts/reference_status_step29.csv,Reference support passes but is not unique,finite-carrier-diagnostic
negative_controls,steps/step29_mode_b_neutral_intrinsic_discriminator_artifacts/negative_controls_step29.csv,Anti-row-picker and discrimination controls,finite-carrier-diagnostic
stage2_audit,steps/step29_mode_b_neutral_intrinsic_discriminator_artifacts/stage2_audit_step29.csv,Stage II package audit checks,finite-carrier-diagnostic
dependency_trace,steps/step29_mode_b_neutral_intrinsic_discriminator_artifacts/dependency_trace_step29.csv,Predicate components traced to P5/P1/F27,finite-carrier-diagnostic
ablation,steps/step29_mode_b_neutral_intrinsic_discriminator_artifacts/ablation_step29.csv,Load-bearing component ablation counts,finite-carrier-diagnostic
forbidden_prior_self_check,steps/step29_mode_b_neutral_intrinsic_discriminator_artifacts/forbidden_prior_self_check_step29.csv,Predicate does not reduce to forbidden prior,finite-carrier-diagnostic
six_gate_audit,steps/step29_mode_b_neutral_intrinsic_discriminator_artifacts/six_gate_audit_step29.csv,Six no-smuggling gate results,finite-carrier-diagnostic
generated_vs_input,steps/step29_mode_b_neutral_intrinsic_discriminator_artifacts/generated_vs_input_step29.csv,Generated-vs-input disclosure and next grammar delta,finite-carrier-diagnostic
summary,steps/step29_mode_b_neutral_intrinsic_discriminator_artifacts/results_summary.md,Step 29 verdict and scope,finite-carrier-diagnostic
schema,steps/step29_mode_b_neutral_intrinsic_discriminator_artifacts/schema.json,Machine-readable verdict and counts,organizational
nonclaim_boundary,steps/step29_mode_b_neutral_intrinsic_discriminator_artifacts/nonclaim_boundary.md,Scope and overclaim boundary,remaining-external
statement,steps/step29_mode_b_neutral_intrinsic_discriminator_artifacts/step29_statement.tex,LaTeX statement of the finite diagnostic,finite-carrier-diagnostic
validator,steps/step29_mode_b_neutral_intrinsic_discriminator_artifacts/run_step29.py,Self-contained validator with anti-smuggle checks,organizational
