dimensions,support_key,support_score,role_obstruction_pairs,q_fiber_count,max_q_fiber_size,f24_descends,witnesses,is_target_reference
2|3,rank_one_fundxantifund:0 + rank_one_fundxsinglet:0 + singletxfund:-1 + singletxfund:1,4|14|3|2,1,3,2,False,singletxfund:-1/1,False
2|3,rank_one_fundxfund:0 + rank_one_fundxsinglet:0 + singletxantifund:-1 + singletxantifund:1,4|14|3|2,1,3,2,False,singletxantifund:-1/1,False
2|3,rank_one_fundxfund:0 + rank_one_fundxsinglet:0 + singletxantifund:-1 + singletxantisym2:1,4|14|3|2,0,4,1,True,,False
2|3,rank_one_fundxfund:0 + rank_one_fundxsinglet:0 + singletxantifund:1 + singletxantisym2:-1,4|14|3|2,0,4,1,True,,False
2|3,rank_one_fundxfund:0 + rank_one_fundxsinglet:0 + singletxantisym2:-1 + singletxantisym2:1,4|14|3|2,1,3,2,False,singletxantisym2:-1/1,False
2|3,rank_one_fundxantifund:-1 + rank_one_fundxsinglet:3 + singletxfund:-2 + singletxfund:4 + singletxsinglet:-6,5|15|3|2,1,4,2,False,singletxfund:-2/4,False
2|3,rank_one_fundxantifund:1 + rank_one_fundxsinglet:-3 + singletxfund:-4 + singletxfund:2 + singletxsinglet:6,5|15|3|2,1,4,2,False,singletxfund:-4/2,False
2|3,rank_one_fundxfund:-1 + rank_one_fundxsinglet:3 + singletxantifund:-2 + singletxantifund:4 + singletxsinglet:-6,5|15|3|2,1,4,2,False,singletxantifund:-2/4,False
2|3,rank_one_fundxfund:-1 + rank_one_fundxsinglet:3 + singletxantifund:-2 + singletxantisym2:4 + singletxsinglet:-6,5|15|3|2,0,5,1,True,,False
2|3,rank_one_fundxfund:-1 + rank_one_fundxsinglet:3 + singletxantifund:4 + singletxantisym2:-2 + singletxsinglet:-6,5|15|3|2,0,5,1,True,,False
2|3,rank_one_fundxfund:-1 + rank_one_fundxsinglet:3 + singletxantisym2:-2 + singletxantisym2:4 + singletxsinglet:-6,5|15|3|2,1,4,2,False,singletxantisym2:-2/4,False
2|3,rank_one_fundxfund:1 + rank_one_fundxsinglet:-3 + singletxantifund:-4 + singletxantifund:2 + singletxsinglet:6,5|15|3|2,1,4,2,False,singletxantifund:-4/2,True
2|3,rank_one_fundxfund:1 + rank_one_fundxsinglet:-3 + singletxantifund:-4 + singletxantisym2:2 + singletxsinglet:6,5|15|3|2,0,5,1,True,,False
2|3,rank_one_fundxfund:1 + rank_one_fundxsinglet:-3 + singletxantifund:2 + singletxantisym2:-4 + singletxsinglet:6,5|15|3|2,0,5,1,True,,False
2|3,rank_one_fundxfund:1 + rank_one_fundxsinglet:-3 + singletxantisym2:-4 + singletxantisym2:2 + singletxsinglet:6,5|15|3|2,1,4,2,False,singletxantisym2:-4/2,False
3,antifund:-1 + antifund:1 + fund:-2 + fund:2,4|12|2|1,2,2,2,False,antifund:-1/1;fund:-2/2,False
3,antifund:-1 + antifund:1 + fund:-3 + fund:3,4|12|2|1,2,2,2,False,antifund:-1/1;fund:-3/3,False
3,antifund:-1 + antifund:1 + fund:-4 + fund:4,4|12|2|1,2,2,2,False,antifund:-1/1;fund:-4/4,False
3,antifund:-1 + antifund:1 + fund:-6 + fund:6,4|12|2|1,2,2,2,False,antifund:-1/1;fund:-6/6,False
3,antifund:-1 + antisym2:1 + fund:-2 + fund:2,4|12|2|1,1,3,2,False,fund:-2/2,False
3,antifund:-1 + antisym2:1 + fund:-3 + fund:3,4|12|2|1,1,3,2,False,fund:-3/3,False
3,antifund:-1 + antisym2:1 + fund:-4 + fund:4,4|12|2|1,1,3,2,False,fund:-4/4,False
3,antifund:-1 + antisym2:1 + fund:-6 + fund:6,4|12|2|1,1,3,2,False,fund:-6/6,False
3,antifund:-2 + antifund:2 + fund:-1 + fund:1,4|12|2|1,2,2,2,False,antifund:-2/2;fund:-1/1,False
3,antifund:-2 + antifund:2 + fund:-3 + fund:3,4|12|2|1,2,2,2,False,antifund:-2/2;fund:-3/3,False
3,antifund:-2 + antisym2:2 + fund:-1 + fund:1,4|12|2|1,1,3,2,False,fund:-1/1,False
3,antifund:-2 + antisym2:2 + fund:-3 + fund:3,4|12|2|1,1,3,2,False,fund:-3/3,False
3,antifund:-3 + antifund:3 + fund:-1 + fund:1,4|12|2|1,2,2,2,False,antifund:-3/3;fund:-1/1,False
3,antifund:-3 + antifund:3 + fund:-2 + fund:2,4|12|2|1,2,2,2,False,antifund:-3/3;fund:-2/2,False
3,antifund:-3 + antifund:3 + fund:-4 + fund:4,4|12|2|1,2,2,2,False,antifund:-3/3;fund:-4/4,False
3,antifund:-3 + antisym2:3 + fund:-1 + fund:1,4|12|2|1,1,3,2,False,fund:-1/1,False
3,antifund:-3 + antisym2:3 + fund:-2 + fund:2,4|12|2|1,1,3,2,False,fund:-2/2,False
3,antifund:-3 + antisym2:3 + fund:-4 + fund:4,4|12|2|1,1,3,2,False,fund:-4/4,False
3,antifund:-4 + antifund:4 + fund:-1 + fund:1,4|12|2|1,2,2,2,False,antifund:-4/4;fund:-1/1,False
3,antifund:-4 + antifund:4 + fund:-3 + fund:3,4|12|2|1,2,2,2,False,antifund:-4/4;fund:-3/3,False
3,antifund:-4 + antisym2:4 + fund:-1 + fund:1,4|12|2|1,1,3,2,False,fund:-1/1,False
3,antifund:-4 + antisym2:4 + fund:-3 + fund:3,4|12|2|1,1,3,2,False,fund:-3/3,False
3,antifund:-6 + antifund:6 + fund:-1 + fund:1,4|12|2|1,2,2,2,False,antifund:-6/6;fund:-1/1,False
3,antifund:-6 + antisym2:6 + fund:-1 + fund:1,4|12|2|1,1,3,2,False,fund:-1/1,False
3,antifund:0 + antisym2:0 + fund:-1 + fund:1,4|12|2|1,1,3,2,False,fund:-1/1,False
3,antifund:1 + antisym2:-1 + fund:-2 + fund:2,4|12|2|1,1,3,2,False,fund:-2/2,False
3,antifund:1 + antisym2:-1 + fund:-3 + fund:3,4|12|2|1,1,3,2,False,fund:-3/3,False
3,antifund:1 + antisym2:-1 + fund:-4 + fund:4,4|12|2|1,1,3,2,False,fund:-4/4,False
3,antifund:1 + antisym2:-1 + fund:-6 + fund:6,4|12|2|1,1,3,2,False,fund:-6/6,False
3,antifund:2 + antisym2:-2 + fund:-1 + fund:1,4|12|2|1,1,3,2,False,fund:-1/1,False
3,antifund:2 + antisym2:-2 + fund:-3 + fund:3,4|12|2|1,1,3,2,False,fund:-3/3,False
3,antifund:3 + antisym2:-3 + fund:-1 + fund:1,4|12|2|1,1,3,2,False,fund:-1/1,False
3,antifund:3 + antisym2:-3 + fund:-2 + fund:2,4|12|2|1,1,3,2,False,fund:-2/2,False
3,antifund:3 + antisym2:-3 + fund:-4 + fund:4,4|12|2|1,1,3,2,False,fund:-4/4,False
3,antifund:4 + antisym2:-4 + fund:-1 + fund:1,4|12|2|1,1,3,2,False,fund:-1/1,False
3,antifund:4 + antisym2:-4 + fund:-3 + fund:3,4|12|2|1,1,3,2,False,fund:-3/3,False
3,antifund:6 + antisym2:-6 + fund:-1 + fund:1,4|12|2|1,1,3,2,False,fund:-1/1,False
3,antisym2:-1 + antisym2:1 + fund:-2 + fund:2,4|12|2|1,2,2,2,False,antisym2:-1/1;fund:-2/2,False
3,antisym2:-1 + antisym2:1 + fund:-3 + fund:3,4|12|2|1,2,2,2,False,antisym2:-1/1;fund:-3/3,False
3,antisym2:-1 + antisym2:1 + fund:-4 + fund:4,4|12|2|1,2,2,2,False,antisym2:-1/1;fund:-4/4,False
3,antisym2:-1 + antisym2:1 + fund:-6 + fund:6,4|12|2|1,2,2,2,False,antisym2:-1/1;fund:-6/6,False
3,antisym2:-2 + antisym2:2 + fund:-1 + fund:1,4|12|2|1,2,2,2,False,antisym2:-2/2;fund:-1/1,False
3,antisym2:-2 + antisym2:2 + fund:-3 + fund:3,4|12|2|1,2,2,2,False,antisym2:-2/2;fund:-3/3,False
3,antisym2:-3 + antisym2:3 + fund:-1 + fund:1,4|12|2|1,2,2,2,False,antisym2:-3/3;fund:-1/1,False
3,antisym2:-3 + antisym2:3 + fund:-2 + fund:2,4|12|2|1,2,2,2,False,antisym2:-3/3;fund:-2/2,False
3,antisym2:-3 + antisym2:3 + fund:-4 + fund:4,4|12|2|1,2,2,2,False,antisym2:-3/3;fund:-4/4,False
3,antisym2:-4 + antisym2:4 + fund:-1 + fund:1,4|12|2|1,2,2,2,False,antisym2:-4/4;fund:-1/1,False
3,antisym2:-4 + antisym2:4 + fund:-3 + fund:3,4|12|2|1,2,2,2,False,antisym2:-4/4;fund:-3/3,False
3,antisym2:-6 + antisym2:6 + fund:-1 + fund:1,4|12|2|1,2,2,2,False,antisym2:-6/6;fund:-1/1,False
4,antifund:-1 + antisym2:2 + fund:-3 + singlet:4,4|15|3|1,0,4,1,True,,False
4,antifund:-3 + antisym2:2 + fund:-1 + singlet:4,4|15|3|1,0,4,1,True,,False
4,antifund:1 + antisym2:-2 + fund:3 + singlet:-4,4|15|3|1,0,4,1,True,,False
4,antifund:3 + antisym2:-2 + fund:1 + singlet:-4,4|15|3|1,0,4,1,True,,False
4,antifund:-1 + antifund:1 + fund:-2 + fund:2,4|16|3|1,2,2,2,False,antifund:-1/1;fund:-2/2,False
4,antifund:-1 + antifund:1 + fund:-3 + fund:3,4|16|3|1,2,2,2,False,antifund:-1/1;fund:-3/3,False
4,antifund:-1 + antifund:1 + fund:-4 + fund:4,4|16|3|1,2,2,2,False,antifund:-1/1;fund:-4/4,False
4,antifund:-1 + antifund:1 + fund:-6 + fund:6,4|16|3|1,2,2,2,False,antifund:-1/1;fund:-6/6,False
4,antifund:-2 + antifund:2 + fund:-1 + fund:1,4|16|3|1,2,2,2,False,antifund:-2/2;fund:-1/1,False
4,antifund:-2 + antifund:2 + fund:-3 + fund:3,4|16|3|1,2,2,2,False,antifund:-2/2;fund:-3/3,False
4,antifund:-3 + antifund:3 + fund:-1 + fund:1,4|16|3|1,2,2,2,False,antifund:-3/3;fund:-1/1,False
4,antifund:-3 + antifund:3 + fund:-2 + fund:2,4|16|3|1,2,2,2,False,antifund:-3/3;fund:-2/2,False
4,antifund:-3 + antifund:3 + fund:-4 + fund:4,4|16|3|1,2,2,2,False,antifund:-3/3;fund:-4/4,False
4,antifund:-4 + antifund:4 + fund:-1 + fund:1,4|16|3|1,2,2,2,False,antifund:-4/4;fund:-1/1,False
4,antifund:-4 + antifund:4 + fund:-3 + fund:3,4|16|3|1,2,2,2,False,antifund:-4/4;fund:-3/3,False
4,antifund:-6 + antifund:6 + fund:-1 + fund:1,4|16|3|1,2,2,2,False,antifund:-6/6;fund:-1/1,False
