dimensions,support_key,support_score,step35_witness_scalar,quadratic_invariant,quartic_bounded_proxy,scalar_active_factors,candidate_active_factors,untouched_active_factors,factor_local_breaking,charged_breaking,staged_potential_closure,is_target_reference
2|3,rank_one_fundxantifund:-1 + rank_one_fundxsinglet:3 + singletxfund:-2 + singletxfund:4 + singletxsinglet:-6,5|15|3|2,rank_one_fundxsinglet:-3,True,True,0,0|1,1,True,True,True,False
2|3,rank_one_fundxantifund:1 + rank_one_fundxsinglet:-3 + singletxfund:-4 + singletxfund:2 + singletxsinglet:6,5|15|3|2,rank_one_fundxsinglet:-3,True,True,0,0|1,1,True,True,True,False
2|3,rank_one_fundxfund:-1 + rank_one_fundxsinglet:3 + singletxantifund:-2 + singletxantifund:4 + singletxsinglet:-6,5|15|3|2,rank_one_fundxsinglet:-3,True,True,0,0|1,1,True,True,True,False
2|3,rank_one_fundxfund:-1 + rank_one_fundxsinglet:3 + singletxantifund:-2 + singletxantisym2:4 + singletxsinglet:-6,5|15|3|2,rank_one_fundxsinglet:-3,True,True,0,0|1,1,True,True,True,False
2|3,rank_one_fundxfund:-1 + rank_one_fundxsinglet:3 + singletxantifund:4 + singletxantisym2:-2 + singletxsinglet:-6,5|15|3|2,rank_one_fundxsinglet:-3,True,True,0,0|1,1,True,True,True,False
2|3,rank_one_fundxfund:1 + rank_one_fundxsinglet:-3 + singletxantifund:-4 + singletxantifund:2 + singletxsinglet:6,5|15|3|2,rank_one_fundxsinglet:-3,True,True,0,0|1,1,True,True,True,True
2|3,rank_one_fundxfund:1 + rank_one_fundxsinglet:-3 + singletxantifund:-4 + singletxantisym2:2 + singletxsinglet:6,5|15|3|2,rank_one_fundxsinglet:-3,True,True,0,0|1,1,True,True,True,False
2|3,rank_one_fundxfund:1 + rank_one_fundxsinglet:-3 + singletxantifund:2 + singletxantisym2:-4 + singletxsinglet:6,5|15|3|2,rank_one_fundxsinglet:-3,True,True,0,0|1,1,True,True,True,False
4,antifund:-1 + antisym2:2 + fund:-3 + singlet:4,4|15|3|1,antifund:-1,True,True,0,0,,False,True,False,False
4,antifund:-3 + antisym2:2 + fund:-1 + singlet:4,4|15|3|1,antifund:1,True,True,0,0,,False,True,False,False
4,antifund:1 + antisym2:-2 + fund:3 + singlet:-4,4|15|3|1,antifund:1,True,True,0,0,,False,True,False,False
4,antifund:3 + antisym2:-2 + fund:1 + singlet:-4,4|15|3|1,antifund:-1,True,True,0,0,,False,True,False,False
