state_id,base_state_id,branch,regime,is_smooth_regime,is_singularity_locus,psi_re,psi_im,born_density_proxy,stress_energy_proxy,smooth_d4_shadow,d0_density,d1_phase,d2_transport,d3_curvature,d4_subplanck,d5_vacuum,GR_smooth_sigma,q_QM
0,0,smooth,smooth,True,False,0.9800665778412416,0.19866933079506122,1.0,0.17000000000000004,0.05,1.0,0.2,-0.4,0.1,0.05,0.0010500000000000002,"(1.0, -0.4, 0.1)","(1.0, 0.2, -0.4)"
1,1,resolved_a,high_curvature,False,True,0.9800665778412416,0.19866933079506122,1.0,0.6499999999999999,-0.35,1.0,0.2,-0.4,-0.7,-0.04999999999999999,0.0010500000000000002,"(1.0, -0.4, -0.7)","(1.0, 0.2, -0.4)"
2,1,resolved_b,high_curvature,False,True,0.9800665778412416,0.19866933079506122,1.0,0.6499999999999999,-0.35,1.0,0.2,-0.4,-0.7,-0.6,0.0010500000000000002,"(1.0, -0.4, -0.7)","(1.0, 0.2, -0.4)"
3,2,vacuum_selected_a,vacuum_smooth,True,False,0.8899587805828406,-0.08929372241934674,0.8,0.25,0.0,0.8,-0.1,0.5,0.0,0.0,0.0010400000000000001,"(0.8, 0.5, 0.0)","(0.8, -0.1, 0.5)"
4,2,vacuum_selected_b,vacuum_smooth,True,False,0.8899587805828406,-0.08929372241934674,0.8,0.25,0.0,0.8,-0.1,0.5,0.0,0.0,0.00604,"(0.8, 0.5, 0.0)","(0.8, -0.1, 0.5)"
5,3,resolved_a,high_curvature,False,True,0.8899587805828406,-0.08929372241934674,0.8,1.06,0.45,0.8,-0.1,0.5,0.9,0.75,0.0010400000000000001,"(0.8, 0.5, 0.9)","(0.8, -0.1, 0.5)"
6,3,resolved_b,high_curvature,False,True,0.8899587805828406,-0.08929372241934674,0.8,1.06,0.45,0.8,-0.1,0.5,0.9,0.2,0.0010400000000000001,"(0.8, 0.5, 0.9)","(0.8, -0.1, 0.5)"
7,4,smooth,smooth,True,False,0.9613435304410614,0.5251843642751716,1.2,0.13,-0.1,1.2,0.5,0.3,-0.2,-0.1,0.0010600000000000002,"(1.2, 0.3, -0.2)","(1.2, 0.5, 0.3)"
8,5,smooth,smooth,True,False,0.7342382495170413,0.40111618384970593,0.7,0.13,-0.1,0.7,0.5,0.3,-0.2,-0.1,0.001035,"(0.7, 0.3, -0.2)","(0.7, 0.5, 0.3)"
9,6,smooth,smooth,True,False,0.44063601253159307,-0.4536958281274556,0.4,0.4,0.1,0.4,-0.8,0.6,0.2,0.1,0.00102,"(0.4, 0.6, 0.2)","(0.4, -0.8, 0.6)"
10,7,resolved_a,high_curvature,False,True,0.44063601253159307,-0.4536958281274556,0.4,0.72,-0.3,0.4,-0.8,0.6,-0.6,0.0,0.00102,"(0.4, 0.6, -0.6)","(0.4, -0.8, 0.6)"
11,7,resolved_b,high_curvature,False,True,0.44063601253159307,-0.4536958281274556,0.4,0.72,-0.3,0.4,-0.8,0.6,-0.6,-0.55,0.00102,"(0.4, 0.6, -0.6)","(0.4, -0.8, 0.6)"
